USER,DATE,STAR,LIKE,TITLE,REVIEW
존나짜증나네 ㅋㅋㅋㅋㅋㅋㅋㅋ,2021-08-24 19:52:50-07:00,1,0,어이없넹,답이 빨리오는것도 아니고 제대로 읽지도 않고 대충 대답함 심지어 내가 문의한 내용 정 반대로얘기하네여 별한개도 아까움 지웁니다 ㅋㅋ 글고 대답이 다 똑같음 가까운 병원 가라. 그말은 누가못함
시끔칭,2021-08-23 05:55:20-07:00,2,0,상담도 안되네요,수의사 상담하기 했는데 계속 잠시후 다시 시도해주세요 라는 말만 뜨고 안되네요
루됼푸,2021-08-22 09:08:50-07:00,1,0,답답해요,"어플 다운받고 반려동물 등록 시키려고 하는데 자꾸 잠시후에 다시 하라고만 뜨네여  ,, 지웠다 다시 깔아도 똑같아요"
케이제이케이제이케이제이,2021-06-01 19:45:27-07:00,1,1,개선 좀,일단 1:1문의도 계속 오류떠서 문의 안되서 카톡이나 인터넷 사이트로 문의해도 답변이 안오네요. 인터넷 연결 되있는데 계속 연결 안된다 그러는데 다른거 다 되고 이 앱만 그래요.
오오어오어ㅏㅇ,2021-05-30 08:49:59-07:00,1,1,업데이트하면 대체 뭘하는건지..?,"보통은 당장 병원가기 힘든 상황이거나 검색해도 찾아보기 어렵거나 해서 수의사 상담하는거 아닌가요?
처음엔 괜찮더니 요즘은 뭐 답장 늦는건 기본이고 물어봐도 몇시간이 지나도 대답이 없더니 3일 후 대답하면서 15분내로 추가질문없으면 상담종료?ㅋㅋㅋㅋㅋㅋㅋㅋㅋㅋㅋㅋㅋ 나 진짜 어이가없어서 ㅋㅋㅋㅋㅋ 아니 이거 전문 수의사가 대답하는거 맞아요? 요즘 알바쓰세요?ㅋㅋㅋㅋㅋㅋㅋㅋㅋㅋ 이럴거면 뭐하러 광고하고 업데이트하세요?? 어플 왜 만드셨어요?????"
밍화,2021-05-25 21:45:09-07:00,1,1,행동 원인이 궁금해서 물어보면,"훈련사한테 가서 물어봐라
그리고 견종특성이니 어차피 고치기 힘들꺼다 이렇게  답변이 오네요ㅋㅋ
행동쪽 상담은 안하는 것만도 못한 답변이네요ㅋㅋㅋㅋㅋㅋ"
kaangbba,2021-03-24 18:55:31-07:00,4,0,기능 개선 요청,"앱에서 1:1문의로 전달하려 했는데 인터넷 상태 확인해 달라고 하면서 등록이 안되네요...(참고로 wifi 2g, 5g, LTE 모두 테스트)
기능 개선 요청드립니다: 상담 요청 시 수위사 선생님의 답변이 올 때 푸시 알림이 없나요? 15분 내에 답변이 없으면 상담이 끝나는데 알림이 없으니 확인이 항상 이보다 늦어지더라고요, 그러니 상담이 이어지질 않고요!
참고로 알림 설정은 모두 해놓았습니다!"
미년이뿌우,2021-03-12 08:59:58-07:00,1,1,수의사한테 답장,아니 원래 수의사한테 물어봤을때 답장은 알람이 안뜨는건가요? 저만 그러는건가여?! 그리고 더 물어볼게 있는데 맘대로 상담 종료ㅡ는 왜하는건가여 더 물어보라는건지 뭔지 머르겠네요 ;; 너무 별로입니다 앱 삭제 할게요 말도 안끝났는네 혼자 상담종료 하는거 너무 빡칩니다 별 한개도 아깝네요
레이아킴,2020-11-28 04:43:58-07:00,1,1,너무 극단적이네요,정작 필요한 질문에는 답을 안합니다. 별거 아니라고 했다가 큰 병이면 안되니까 세게 말하는 건 알겠는데 너무 극단적으로 큰 병을 말해서 너무 화나네요. 물론 병원에 가보면 더 정확하니 병원에 방문해보세요 라는 말을 하는 것도 알겠는데 제 질문에는 동문서답하고 병원을 가보라니..ㅋ 어이가 없네요. 마음이 불편하고 병원을 당장 가볼 수 있는 시간도 아니라 이 어플을 사용한건데 더 마음이 불편하고 정말 어플을 사용하기 싫어지네요. 정작 질문에는 답을 안해서 추가 질문을 하는 데 답도 없고 더이상 질문 없으시면 상담 종료하겠다고 보내니 어이가 없고 짜증나네요. 한 번 이런게 아니라 거의 매번 이래서 다시는 이 어플 안쓸래요.
아워내뉴토터ㅏㅇ래,2020-11-24 17:12:35-07:00,1,1,의미가 옶는 어플이에요,실컷 펫탁터 연결된 병원 예약했더니 해당 병원은 펫닥터 어플과 관련이 없다고 예약된거 없다고해서 황당했네요 의미가 없는 어플이에요
ㅂㅈㄷㅅㄴㅎ,2020-11-11 15:13:30-07:00,1,1,하..대체 왜 이러는건가요?,몇달전부터 업뎃이후 로그인인증이 안됐는데 아직도 개선이 안됐나보네요 비밀번호 맞게 쳤는데도 틀렷다하고 로그인이 안돼요
별을주는사람,2020-11-10 01:50:39-07:00,1,1,로그인도안되고문자광고보내고짜증나요,ㅡㅡ
재밌어요 재밌는데,2020-10-25 07:01:49-07:00,2,0,수의사들 상담 진짜 성의없고 너무 대충임,"너무 궁금하고 긴박하고 절실한 마음으로 물어봐도
명쾌한 답변이 아니라서 짜증남.. 
답장이 늦는건 백번 이해하는데
울 강아지 상태가 지금 당장 병원을 못가니까 
여기에 대신 물어보는건데 a아니면b다 이렇게 말을 해주는데..... 두루뭉술함 너무;; 수의사 맞음..?나도 그런 대답은 할 수 있을듯.. 10번 물어보면 10명의ㅜ수의사들 다 별로임......
 뭐 병원을 빨리 가봐라, 아니면 병원을 가볼 상태는 아니다 걱정하지 말아라 든지..  어떤 해결책을 알려고 물어보는건데... 본업이 있는건 알겠지만 이왕 알려줄거 자세하게 알려주면 좋은거 아님..? 
이럴거면 차라리 네이버 지식인이나 아지냥이에 질문글 올려놓고 기다리는게 나을듯 함..
지푸라기라도 잡는 심정으로 물어보면 대충 말하니까 기분까지 나쁘고 답장만 기다리고 있는 입장에서는 정말.. 
아류.. 혹시 몰라서 어플 삭제는 안하고 있다만..
상담 빼고 나머지 기능들은 다 좋아요.."
nshuija,2020-10-12 23:24:14-07:00,1,1,본인인증 오류,+ 반려동물 등록-본인인증-휴대폰 본인인증 누르면 (요청정보가 유효하지 않습니다) 라고 뜹니다!!
hdidksm,2020-10-08 17:41:45-07:00,1,1,허,본인인증 하고싶어도 못하게 만드네요
주먹공주,2020-10-03 06:57:56-07:00,2,0,사진,사진등록이 안됩니다.. 프로필에도 상담에도 안되고 있어요..로딩만 계속되구요
1댕2냥집사🐾,2020-10-02 19:06:00-07:00,4,0,수의사님한테 사진 보낼 때가 가장 불편해요,"수의사님과 채팅을 하려면, 증상에 관한 말과 사진을 첨부하기 마련인데, 사진을 보내려고하면 기존에 불러왔던 사진만 등록가능하고 새로 올릴 사진은 어플 자체를 종료했다 다시 들어와야 (더 많은 사진 보기)?이런식으로 팝업이 떠서 올릴수있게되더라구요..채팅으로 밖에 진단 받을 수 밖에 없다보니, 집사들은 더 상세하게 적는데 그 오류때문에 번거롭게 이중작업을 하게되네요..이 점만 개선해주시면 이보다 더 좋은 어플은 없을거같아요"
5ㄱㅎ,2020-09-27 19:49:03-07:00,1,1,사진 첨부가 안돼요,개빡침 그 자체 이럴거면 병원가죠
ㅅㅇㅅㅇㅃ,2020-09-15 03:41:01-07:00,1,1,로그인이 안돼요,ㅍ이스북으로 로그인해도 안되고 이메일도 안되고 가입다하고 했는데 안되네요
skflfhzl,2020-09-04 04:52:46-07:00,1,1,.,본인인증 오류 좀 고쳐주세요
ㅓ내ㅏㄴㄴ,2020-09-02 00:14:11-07:00,2,0,본인인증에 계속 오류나요,고쳐주세여...
h_sooool20,2020-08-29 21:15:55-07:00,1,1,본인인증이 안되서 사용을 못하고있어요,10번은 넘게한거 같은데 왜 안되죠...
꿀땅콩123,2020-08-24 14:56:46-07:00,1,1,아니무슨 본인인증이안돼요,반려동물 등록할려고 본인인증 시도를 열번을 하는데 계속 튕겨요 ...아진짜 솔직히 너무 짜증나요 ...
해찌쮸,2020-08-24 09:43:54-07:00,1,0,휴대폰 인증,휴대폰 인증 지금 10번은 넘게 한 것 같은데 왜 안되는 거죠.... 상담 받고 싶어서 휴대폰 인증 하고 있는데 10번 넘게 인증문자까지 다 확인했는데 그 후로 안 넘어가요ㅡㅡ
도쵸라,2020-08-23 08:48:27-07:00,1,0,본인인증,본인인증만 하루종일 뒤디게하가 어플 지운다고 전해주십셔 ㅆ1발
끼미미ㅣㄴ,2020-08-19 23:50:06-07:00,1,0,본인인증오류,"반려동물 추가 하려니 인증하라고 해서 30번은 한 것 같은데 계속 인증이 안되네요.
앱 불편사항 접수도 본인인증이 필요하니 여기에 남길수 밖에 없네요. 왜 이러나요?
와이파이, lte상태에서 다 해보고 pass로도 하고 문자로도 시도해봤는데 다 안되네요."
Bunny0511,2020-08-03 02:20:52-07:00,1,0,휴대폰 인증 몇번이나 합니까?,"휴대폰인증-‘카카오계정이 있습니다’문구를 닫고나면 다시 휴대폰 인증 문구가 뜹니다. 
이걸 다섯번 정도 반복하다가 화나서 문의글 남기려는데 그것 또한 되지도 않는 휴대폰 인증...ㅎ
너무 화나서 여기다 리뷰 써요 제발 어떻게 좀 해주세요. 애가 아파서 문의하려고 했더니 아무것도 못하네요"
어떡해애,2020-08-02 21:16:17-07:00,4,0,본인인증이 안돼요ㅜㅜ,"이미 카카오계정으로 로그인한 상태로 상담을 하려고 했더니 본인인증을 하라고 떠요,
그래서 본인인증을 했더니 이미 카카오 계정이 있다고 나오네요,, ㅜㅜ 어떻게해야되나요?"
리뷰녀@,2020-08-01 19:02:24-07:00,1,0,ㅡ,구글계정으론 왜 로그인이 안되죠?
........);),2020-07-29 09:34:27-07:00,2,0,왜 구글로 로그인 하려하면 로딩만 뜨죠,계속 그러네요 다른건 다 되는데 ㅠ
가우가우ㅜ쟌우주ㅜ정,2020-07-21 06:57:19-07:00,4,0,너무 좋은데 상담할때 동영상도 올릴 수 있으면 좋을거같아요,너무 좋은데 상담할때 동영상도 올릴 수 있으면 좋을거같아요
하키라라랄,2020-07-19 22:03:02-07:00,3,0,로그인이 안돼요ㅠ,로그인이 안돼요...ㅠ 아이디 비번 제대로 했는데 계속 알수없는 오류로 안된다구 하네요 확인부탁드려유ㅠㅠ
맷돌의 손잡이를 어이라고해 어이가없네,2020-07-03 17:10:31-07:00,3,0,업데이트,업데이트를 했는데 왜 튕기죠.. 상담쓰고싶은데 자꾸 튕기네요
얍고쳐주세요,2020-06-30 05:05:28-07:00,1,0,간편가입이라고 했는데..,행사가서 선물준다길래 간편가입이라고 생각했는데 간편하지가 않아요...불편함의 끝판왕 ㅠㅠ 어찌저찌 가입은했는데..반려동물등록하는것도 너무 불편해요ㅠㅠ
주황 솜사탕,2020-06-28 07:49:11-07:00,2,0,가입을 못하고있어요,옛날에 유용하게 썼던 기억이 나서 다시 설치했는데 가입을 할 때 이미 가입된 이메일 이라고 하더라구요 그래서 다른것도 다 해보고 새로 만들어서도 해봤는데 다 이미 가입되어 있대요 왜이러죠
ㅋㅅㅋㅎㅅㅎㅇㅅㅇ,2020-06-15 18:38:26-07:00,1,0,사진 첨부,사진 첨부가 안돼요... 정확한 증상을 확인하려면 사진을 보여드려야 하는데 첨부가 안돼요ㅠ
또트,2020-06-07 05:15:32-07:00,1,0,개발자분들 없나요?,카톡 로그인 오류 대체 언제 고쳐져요?
별명은 므어가 별명,2020-06-05 02:43:02-07:00,5,0,나름 유용함,케어 매일매일 기록하고 가끔 이거 병원 가야돼 말아야돼 하는 애매한 증상들 상담하면 대충 무슨 증상이고 병원 가야하는지 지켜봐야하는지 정도는 알게되어서 매우 좋아요 대면 진료가 아니니까 정확한 증상을 파악하기 어렵고 대부분의 증상들은 병원 내원을 권장하는것은 당연하다고 생각하고 어차피 병원 갈건데 대충 어떤 증상인지는 알고 가자 해서 상담 자주 해요 가끔 정말 유용하게 쓰입니다
jinsuk7877,2020-06-04 20:23:55-07:00,1,0,이메일로 회원가입 마지막단계 오류,"회원가입 진행하다가 가장 마지막단계에서 이메일로 회원가입 정보가 뜨고 확인만 누르면 되는데 확인을 누르면 알 수 없는 오류라고 오류창이 뜹니다 
확인부탁드립니다"
vvvvvvvnvvvnnvvvnv,2020-06-04 06:53:44-07:00,1,0,로그인 문제 해결 좀 해주세요,구글로 로그인하려고 했는데 로그인 안 되고 계속 무한로딩만 돼요. 메일 보낸 지 오래 됐는데 답장도 없어서 리뷰 다시 남깁니다.
12p1nnnnn,2020-05-25 23:54:44-07:00,2,0,알수없는오류 회원가입이 안돼요,"메일로 문의했더니 앱종료하고 다시 실행하라길래 해보고 삭제했다 다시깔아보라길래 했는데도 알수없는오류라면서 회원가입이 아예안됩니다 ..
해결해 주실 수 없나요? 수의사님하고 실시간으로 상담할 수 있어서 좋은데 가입이 안돼서 어플 사용할 수가 없어요 .. 다른 어플을 써야하나요?"
윤기나는두콩,2020-05-11 06:29:48-07:00,1,0,펫닥 지워서 다시 회원가입 하려는데,계속 알수없는 에러라고 하면서 안되네요.. 언제 고쳐지나요? 한 달 전부터 계속 이러네요
유튜브꿈나무,2020-05-07 04:31:24-07:00,3,0,질문 하는거 자체로 마음의 안정을 얻지만..,"검사비용 질문도 알려드릴수 없다고 하시고
제가 다니는 병원 의사선생님과의 진단결과이외에 다른 의사분들의 생각이 궁금해서 여쭈어도 알려드릴수 없다고하시고 급한 내용은 다 얼른 내원하라고 하셔서...... 정답을 얻은적이 많지는.. 않은거 같습니다ㅠㅠ 늦은시간까지 고생해주시고 하셔서 늘 너무 감사하지만 그런 부분이 아주 조금은 개선되었으면 하는 작은 바램이 있습니다..!"
very very sad...,2020-05-05 00:29:18-07:00,3,0,속상하네요,소동물을 제대로 봐주는 수의사는 없나요? 햄스터가 아픈지 안 아픈지 최대한 빨리 알고 싶어서 이 앱을 깔아봤는데 물어보면 돌아오는 답은 “햄스터는 별로도 전공한 수의사 외에는 어렵습니다” 하고 안 해주시는 분들도 있더라고요 안 배우셨다고 속상하지는 않은데 소동물을 봐주시는 수의사 분들이 적은 거 속상하네요... 😭
Anueha,2020-04-29 20:03:12-07:00,1,0,제발 로그인 오류좀 고쳐주세요,"한달 채우겠어요
오늘 업데이트 했는데
로그인 여전히 안되네요..
삭제하고 다시 설치해도 안돼요
잘만든 어플이라고 생각했는데
치명적인 단점이 있네요"
1300k첫이용자,2020-04-25 23:36:33-07:00,2,0,예전에는 너무 잘됐는데 오랜만에 이용할려니깐,"알수없는 에러가 뜬다하면서
로그인도 안되고 회원가입도 안됩니다ㅜㅜ
빨리 고쳐주세요.."
#나_영,2020-04-25 22:54:05-07:00,5,0,로그인오류 & 고양이 정보,로그인 오류가 나는데 이건 삭제했다가 다시 깔면 잠시는 괜찮아지긴해요... 대신 귀찮아서 자주 못들어오겠다는게 단점이죠... 그리고 고양이 정보같은것도 많이 넣어주세요!! 강쥐에 비해 늘어나는 정보들이 없어서 서운합니다ㅠㅜㅠㅜㅠ 보니까 수의사님들이 답변을 대충대충 해주신다는걸 보니 수의사님들이 아닌 정보를 더 늘려주시면 훨씬 앱 사용하는 사람들이 좋을 것 같네요!
ㅇㄲㅍㄴ,2020-04-24 01:40:28-07:00,1,0,강퇴??,"의사가 답변 아주 성의없게 해서 별점1개 줬더니 그다음부터 알수없는 애러로 로그인자체가 안되네요
다른폰으로 했을때는 잘만되는게;;;; 
설마 성의없는 답변에 별점1개 줬다고 강퇴시킨거에요?"
do.p.cher,2020-04-23 22:12:15-07:00,1,0,아이폰 카톡 로그인 오류 언제 고쳐지나요,아이폰 카톡 로그인 오류 언제 고쳐지나요 거의 한 달 다 되어 가는데 고쳐지지도 않고 그냥 이대로 안 고칠 거면 답변이라도 달아 주세요 앱삭 하게요..
크아S2,2020-04-23 12:27:57-07:00,5,0,너무 필요했던 앱인데 구동만 더 잘되면 좋겠어요,반려견에 관한 정보는 검색창에다가 검색해서 ~카더라 하는 것을 읽는게 전부였는데 전문적인 상담+정보를 얻을 수있어서 정말 좋아요!! 계속 서비스 해주시면 좋겠어서 별 5개로 평가했습니다. 그런데 요새 로그인도 안되고 앱 구동이 잘 안됩니다 ㅠㅠ 개선 해주실거라고 믿어요!
주다이님,2020-04-22 15:40:41-07:00,1,0,왜 로그인이 안되나요,카톡으로 로그인 등록했는데 저번주까진 잘사용했습니다 어제부터 로그인 오류가 생기네요 빨리 조취부탁드려요
ㄱ ㅑ,2020-04-21 08:50:58-07:00,4,0,기록용으로 잘쓰고 있었는데,갑자기 카카오 연동로그인이 안되고잇어요 계속 에러라고 뜨네요ㅠㅠ
오다앤,2020-04-20 00:39:22-07:00,3,0,로그인에러,"지지난주부터 로그인 에러가 납니다 
그 동안 잘되던 로그인이안되요"
베댜거으차누찬,2020-04-19 07:48:51-07:00,1,0,로그인 에러,갑자기 로그아웃 되더니 카카오계정 로그인이 안되네요 알 수 없는 에러가 발생했다고 오류메시지 뜨는데 빨리 수정해주세요 ... 며칠째 못하고있습니다
아윤깡,2020-04-16 20:33:18-07:00,1,0,카카오 로그인이 안되는데요,오류가 있다며 로그인을 못하는데 이거 어찌 해결하나요 고객센터도 없고 답답하네요
채색이끎,2020-04-15 22:11:13-07:00,4,0,자동 로그아웃이 계속 돼요,다시 로그인 하려면 '알 수 없는 오류가 발생했습니다' 라며 로그인이 계속 안됩니다 ㅠㅠ 어플을 삭제했다 다시깔아야 해결이되네요 오류 고쳐주세용 ㅠㅠ
ㅎㅏㄴㅇㅜㄹ,2020-04-14 04:31:23-07:00,1,0,ㅎ,"아니 로그인 왜 계속 하라고 뜨나요??
로그인 하는데 알수없는 오류 뜬다고 계속 그러고 
수의사 상담하고 싶어서 글올리고 들어와봐도 또 로그인 오류라서 로그인도 안되고 열받네요"
yopppiiiiiiiiiii,2020-04-13 00:16:10-07:00,3,0,오류수정이 벌써 몇일째인지...,언제끔 오류 수정이 되는건가요??
가로슈길,2020-04-12 06:04:42-07:00,4,0,카키오톡 로그인이안되요,갑자기 안되네요 오류 수정해주세요
갑쭈,2020-04-11 02:59:26-07:00,2,0,로그인이 안돼요!!!!,"며칠 전부터 자동 로그아웃되더니
이젠 카카오톡 계정 로그인을 눌러도 
오류발생으로 로그인되지않네요.
확인부탁드립니다."
앵희,2020-04-10 22:29:47-07:00,5,0,로그인이 안되요 ㅠㅠ,언제 고쳐지나요??
Pisces1212,2020-04-08 18:37:30-07:00,1,0,로그인,로그인이 왜 안되요??
똔2,2020-04-08 07:30:15-07:00,4,0,로그인 강제 로그아웃되고 오류,"로그인 상태에서 상담 올렸는데 갑자기 로그아웃되더니 오류라며 로그인이 안됩니다;
중요한 상담 문의 올린건데...하"
달현0125,2020-04-07 23:39:01-07:00,5,0,다른건 다 좋은데,"갑자기 로그아웃되서 이메일 쓰는거 다 입력하고 번호까지 입력했는데 이미 사용중인 번호로 나오고, 카카오톡, 페이스북, 네이버, 구글로 연동할려고 했는데 계정이 사라졌네요"
eihyun,2020-04-07 18:05:57-07:00,1,0,왜 어제부터 로그인이 안되나요,"어제부터 로그인이 안되요
계속 오류났다고 잠시 뒤에 하라고만 하고"
녕녕녕이,2020-04-07 09:14:50-07:00,1,0,카카오 계정으로 계속 로그인 했었는데 업데이트 하고 나니까 로그인이 안되네요,어제부터 알 수 없는 에러가 발생했다고 계속 뜨고 로그인이 안 됩니다. 케어 기록 열심히 하고 있었고 그거 보고 유용하게 썼는데 왜 안 될까요 갑자기?
sunsetmy,2020-04-07 06:33:54-07:00,1,0,업데이트 이후 불편하고 사용하기 싫어져요,"업데이트 하기전에는 편리하게 사용한거같은데
이후에는 로그인도 안되고 오류라고만 떠서 화나가면서 꼭 써야할까 고민되네요"
둥ㅇㅇㅇ,2020-04-07 02:53:36-07:00,3,0,"앱 로그아웃 및 로그인 안됨, 등록사항 사라짐","잘 사용하고 있었는데 앱을 들어올 때마다 로그인이 유지되는게 아닌 로그아웃되어 계속 재 로그인을 해야했어요
그리고 엊그제쯤 메인화면에 반려동물 새로등록하는 창이 나와서 증상 기록 부분을 들어가봤더니 전부 사라졌더라구요 지금은 로그인시도 하면 계속 알 수 없는 오류로 로그인 안되는 상태입니다
해결 및 데이터 복구 부탁드립니다."
별명 뭐쓰라고 도대체,2020-04-07 01:19:17-07:00,3,0,들어갈때마다 로그인,앱을 삭제하고 들어간것도 아니고 들어갈때마다 로그인하라고하고 그래서 로그인할려니까 업데이트하라고해서 하고 들어갔더니 알수없는에러때문에 아예 로그인이 안된다그러면 앱사용하지말라는거죠?
플래너리.....,2020-04-06 21:25:44-07:00,2,0,업뎃 할수록 버그가 느는데요,이번 버전은 정보 다 날라가고 카톡 소셜로그인도 안되네요 전 그냥 갈아타렵니다..
끊김제로,2020-04-06 17:52:39-07:00,3,0,케어기록이 싹 다 사라져버렸어요,"갑자기 로그인이 초기화 됐어요 거의 4개월넘게 케어기록하며 너무 유용한 어플이라 생각하며 열심히 우리아이 상태 기록했는데 싹 다 없어졌어요 로그인도 안돼요 왜 그런가요 
오류인가요 해결이 됐으면 좋겠어요 앱에다가 사진도 올리고 이벤트 참여도 열심히 했는데 그 기록들이 없어졌다는게 너무 허망하네요"
ssomnia,2020-04-06 04:34:28-07:00,1,0,업데이트 후에,"주이니 레벨도 갑자기 바뀌더니
등록정보도 초기화 됐네요.
지금까지 기록했던 정보들 다 날아갔네요.."
몽이 둥이,2020-04-05 18:02:47-07:00,3,0,갑자기 동물 등록을 하라고하네여,"안녕하세요 저는 펫닥을 잘사용하고있는 사람입니다
그런데 제가 강아지 상태를 체크하려고 들어갔는데
등록을 하라고 하네여ㅜㅜ 어떻게 해야하나요 
계정이 날아갔는데 복구가 안되요"
방금이들,2020-04-02 05:57:37-07:00,1,0,업데이트 후 로그인이 안되요,비번을 까먹었나 다시 찾으려고 하는데 가입된 메일인데 가입내역이 없다고 나오고 오류가 뜹니다
hjfys,2020-03-31 23:37:37-07:00,3,0,쓸 데가 없어서 남깁니다.,"제 메일로 회원통합 메일이 왔습니다.
이 어플에 가입한 기억이 전혀 없는데 메일이 오길래 앱 깔아서 비밀번호 찾기를 해도 없는 아이디라네요.
어떻게 된거죠? 메일로 가입한 적도 없는데 메일 오니까 찝찝해요."
SU진,2020-03-26 06:42:33-07:00,2,0,별루에요..,"급해서 쓰는앱인데 답장이 너무 늦어요 
답장이 안 오는경우도 있고 3시간 넘어서 오는 경우도 있네요 그리고 기다리던 답이와도 병원가라라거나 단답으로 설명해 주시는 경우가 있더라구요..
그부분은 꼭 수정되었으면 합니다"
캐구려 캐캐캐구려,2020-03-21 18:46:34-07:00,1,0,캐구림,다른 오류는 하나도 없었고 잘 쓰고 있는데 하나 마음에 안 드는게 수의사 상담입니다 직접 볼 수가 없으니 이해하지만 링거를 맞고 있다고 반려인이 주의할 점 등을 알려달라고 하니 자가진단은 추천드리지 않는다고 하질 않나 상담 종료창이 상담내역을 가리질 않나 추가질문을 하니 답변조차 오지 않습니다 내 손 안의 수의사라고 광고하셨는데 이렇게 하시니 제가 어플을 사용하기에 많은 어려움이 있었습니다 리뷰 남기고 삭제합니다 여기에 상담하는 거보다 차라리 반려견 카페에 물어보는게 빠를 것 같습니다
"ww,,we",2020-03-09 04:33:31-07:00,4,0,사진 선택이 안돼요,아이 사진 등록할 때도 상담할 때도 사진 찾으려고 하는데 버퍼링만 계속 떠요 ㅠㅠ 고쳐주세요
Minji_kim,2020-02-27 02:58:40-07:00,4,0,좋아요,아이가 갑자기 아플때 상담받을수 있어서 좋아요. 다만 동영상도 같이 보낼수있게 되어있으면 더 좋을거같아요.
미쿡ㅇㄴ,2020-02-09 06:52:19-07:00,1,0,제 폰만 이상한건가요;;;;,저는 아이폰 7유저고여 강아지vs고양이 글쓰기 대결 글을 쓰려고 했는데 글을 쓸때마다 계속 튕기네요;;;;;;대결 참가도 못했습니다 계속 튕겨서 10번 넘게 들어갔는데도 계속 튕겨서 이젠 조금 화가 날 지경이네요..이 문제 고쳐주었으면 합니다.
업뎃 시급ㅂ,2020-02-06 22:34:08-07:00,5,0,업데이트 해주셍요ㅠ,"이걸 쓰게된 이유는 제작진이 업데이트를 해줬으면 해서에요
대소변이나 메모 칸에 사진 추가 기능이 생겼으면 좋겠어요ㅠㅠ
고양이가 요로계 질환에 걸려서 매일 소변 사이즈 측정하는데 사진으로 기록해두고 싶거든요
(요구만 해서 그렇지 아주 좋아요ㅠㅠㅠㅠ 사랑행요 일단 깔아...."
뱓걸 마바가랴지ㅏㅈㅇ,2020-01-24 05:48:50-07:00,1,0,전문가의 답변을 기대했는데,"질문자가 한 질문대로만 답변을 하시네요..
예) 밥을 먹이면 좋을까요? 네 밥을 먹이세요
이런 식이에요 모든 질문에 대한 답이 ㅋㅋㅋㅋㅋ
동물병원 수의사들처럼 질문자에게 질문을 해서 증상을 알아내려고 하는 게 아니라 아무나 할 수 있는 답변을 들어서 별 소득이 없어요........"
캬캬캬캬캬히히히힣,2020-01-14 09:37:50-07:00,1,0,별로,상담하면 답을 너무 성의옶게 해주시고 심지어 답도 안 해주시네요 그래도 다른 사람들의 내용을 공유한다는 점은 좋아요
ㅎㅈ /////,2019-12-31 18:14:03-07:00,4,0,고쳐주세요ㅠㅠㅠ,아이 케어기록-  메모에 수정기능이 있으면 좋겠어요 ㅠㅠ 추가하려구 하면 아예 삭제하고 써야되서 갑자기 생각나는건 못쓸때가 많아요 ... ㅠㅠ
조하요오노낭 앙,2019-11-23 23:45:24-07:00,5,0,좋아요,좋아요
연이짱b,2019-11-23 23:44:55-07:00,5,0,좋아요,급할때 병원 안가도되고 일단 알아볼 수 있어요 좋아요!!
재미를추구하는사람,2019-11-23 23:44:54-07:00,5,0,케이펫에서 보고 다운받앗어요,"좋은 어플같아요!
나중에 써보고 더 자세한 후기 남기고 자주 이용할게요"
여름뿌,2019-11-23 23:43:53-07:00,5,0,펫닥,너무 유용해요
azaz38,2019-11-23 23:33:33-07:00,5,0,편리하고 좋아요,편리해요.
SeoYeonZzyang,2019-11-23 23:32:06-07:00,5,0,좋아요,좋아요
호ㅗ오오옹,2019-11-23 23:31:50-07:00,5,0,굿굿,좋아요~~~~
빵이왕자,2019-11-23 23:31:19-07:00,5,0,좋아요!!!,구우우웃!!!
로른쥬,2019-11-23 23:30:04-07:00,4,0,브이랩 좋아요,브이앱 좋아욤
슈맘v,2019-11-23 23:28:40-07:00,5,0,짱좋아요,좋아용
bbona7,2019-11-23 23:27:08-07:00,5,0,리뷰,"브이랩

사은품주세요.."
Desikki,2019-11-23 23:20:57-07:00,5,0,애들아플때,애들아플때 참 유용한어플이에요
별명1226,2019-11-23 23:20:16-07:00,5,0,좋아요쨩쨩,짱좋아요너무
ㅋㅋㅋ죠아죻아,2019-11-23 23:14:07-07:00,5,0,조아요,좋습니다 감사합니다
린슬릿,2019-11-23 23:11:46-07:00,5,0,궁금할때,궁금할때 바로 질문하고 답을 남겨줘서 좋아요!
굥아미이이,2019-11-23 22:58:50-07:00,5,0,좋아요,너무좋습니닿
뒷골목아이들,2019-11-23 22:55:25-07:00,5,0,믿을수 있는 브랜드,"수의사님들이 만들었다고 하니 더욱더 믿음이가요!
추천합니다~~^^"
날아라지은,2019-11-23 22:54:37-07:00,5,0,너무너무 좋아요,좋아요좋아
랑랑1,2019-11-23 22:53:06-07:00,5,0,ㄱㅅ합니다,수의사가 직접 설명해주셔서 좋았어요
dbhsxux,2019-11-23 22:49:33-07:00,5,0,강아지 어플로 최고,유용할 것 같아요!
개굿굿구루귯,2019-11-23 22:47:49-07:00,5,0,수의사님 완전친절하세요!!!,짱짱맨 친절정확짱이에용!!
영엘렌,2019-11-23 22:42:52-07:00,5,0,펫닥,어플이 보기 편해요
결제는,2019-11-23 22:42:11-07:00,5,0,믿을만한 어플,강아지키울때 필수 앱이죠^^
흑돼지오너,2019-11-23 22:39:00-07:00,5,0,개좋아요,개좋아요
우우아아아아우아,2019-11-23 22:30:51-07:00,5,0,좋아요,"오래 쓰고 있지만 좋아요
의사선생님들도 친절하고 자세히 답변해주시고요
가끔 답변ㅇ 느릴때도 있지만 무료서비스이고
어차피 급한건 병원 가야하니까요"
영스은스,2019-11-23 22:07:01-07:00,5,0,유용한 어플이에욥,처음에 고양이 데리고 왔을때 사소한 거라 병원가기는 조금 애매한 문제라 수의사님께 상담드렸는데 너무 친절하게 상담해주셔서 정말 많음 도움이 됐습니다!!!
gm_wm,2019-11-23 21:59:11-07:00,5,0,좋아요~~,믿음이 가요!
에이에이엥,2019-11-23 21:54:05-07:00,5,0,좋아요,앞으로 자주 이용할게요
다솜1,2019-11-23 21:51:03-07:00,5,0,유용해요!,유용ㅇ해요!!!
와타시꼰짱,2019-11-23 21:40:29-07:00,5,0,브이랩 채고,채고다 채고
룽지엄마,2019-11-23 21:39:04-07:00,5,0,기대되요!!,활용할께요!
러후휴후라아,2019-11-23 21:20:19-07:00,5,0,좋아요,"어플도 깔끔하구 넘  좋아요
자주 이옹할게오!"
호옹이22222222,2019-11-23 21:19:48-07:00,5,0,좋아요,늦은시간에도 답변해주시고 유용하게 잘이용했어요
ㄴSsffr,2019-11-23 21:17:48-07:00,5,0,좋아용,ㅎㅎㅎㅎ
보리뿌꾸,2019-11-23 21:17:01-07:00,5,0,좋아요,아이가 아픈데 병원 갈 수 없는 상황일때 사용하기 좋은 어플인거 같아요
어니찡,2019-11-23 21:15:42-07:00,5,0,조아유조아유,조아유조아유
토르*,2019-11-23 20:51:17-07:00,5,0,좋아요,좋아요!!
진짜원산지,2019-11-23 20:47:30-07:00,5,0,최고,최고
짜증나...ㅡㅡ휴휴,2019-11-23 20:10:54-07:00,5,0,좋아요,유익합니다
피치피치다비치,2019-11-23 20:09:22-07:00,5,0,펫닥,실시간 무료 상담 너무 유용하고 편리합니다. 고맙습니다!!
야수미녀,2019-11-23 19:56:07-07:00,5,0,좋아요,가까운병원을 알려주고 너무.편리해요ㅜㅜ
곤실2,2019-11-23 19:52:53-07:00,5,0,좋아요,좋은어플이에요
Hyerory,2019-11-23 19:52:04-07:00,5,0,좋아용,좋아용
Andlajfbeksn,2019-11-23 19:23:18-07:00,5,0,편해요,강아지가 아플때마다 병원으로 달려가야 했는데 펫닥어플 덕분에 걱정을 덜게됐어요
거뭉쓰,2019-11-23 19:19:34-07:00,5,0,펫닥 부이랩 제품,사용해보려고합니다
한태,2019-11-23 19:19:13-07:00,5,0,좋아요,병원안가도 돼서 너무 좋아요
올이비앜ㅋ,2019-11-23 19:14:40-07:00,5,0,좋아요,무료로 상담해서 좋아요
ㅎ넟,2019-11-23 19:14:14-07:00,5,0,펫닥,너무 좋은거같아요 ! 아프거나 궁금할때 물을수 잇는거에 대해
서대,2019-11-23 19:12:35-07:00,5,0,펫닥!,반려견 이용 어플 잘 사용해보겠습니다^^
강폴리,2019-11-23 19:10:03-07:00,5,0,브이랩,치석 제거 좋네요~
Allsong55!,2019-11-23 19:06:49-07:00,5,0,최고예요!!,안심할 수 있어 최고예요!!
누렁이으녜,2019-11-23 19:04:46-07:00,5,0,병원가기 어려운 고양이 집사에게 실용적인 어플이에요!,^^
설이언냐,2019-11-23 18:58:25-07:00,5,0,펫닥 완전좋아영,펫닥 좋아요 ~~~~
스티치91,2019-11-23 18:56:37-07:00,5,0,좋아요,급할때 이용하기 좋아요!
천사요정,2019-11-23 18:54:48-07:00,5,0,편하고 좋을것같아요,수의사가 상담해줘서 좋을것같아요
제리톰레나,2019-11-23 18:54:46-07:00,5,0,수의사앱,"넘 좋아용!! 
수의사앱니 생기다니!!"
빵이이이잉,2019-11-23 18:53:35-07:00,5,0,좋아용,좋아용
추츄츠,2019-11-23 18:53:20-07:00,5,0,노령견,노령견에 좋을것같아요
니너렁,2019-11-23 18:53:19-07:00,5,0,편해요,너무 편하거 좋아요
ㄱ혈ㅇ냐ㅣㅎㅇ재ㅔ,2019-11-23 18:51:01-07:00,5,0,펫닥,너무좋아요 잘쓸께요
찬천동,2019-11-23 18:49:55-07:00,5,0,펫닥!,너무 좋아요!
불편해죽겠어여,2019-11-23 18:43:41-07:00,5,0,좋아요,여러가지정보를볼수있어서좋아요:)
지니쨔응,2019-11-23 18:40:52-07:00,5,0,펫닥 너무 잘 이용하고 있어요,수의사님 상담도 바로 이용가능하고 너무좋아요!!! 애용할게요
98901,2019-11-23 18:40:47-07:00,5,0,너무 좋습니다!!,짱짱 🤩
조당,2019-11-23 18:39:02-07:00,5,0,이지브러시 덴탈껌 좋아요,이지브러시 덴탈껌 아기가 넘 좋아해요
Tae-bin,2019-11-23 18:38:19-07:00,5,0,됴아요,굿
워후😍,2019-11-23 18:19:39-07:00,5,0,유용합니다,이런 앱이 많아졌으면 좋겠어요
Aj공쥬언니,2019-11-23 18:01:30-07:00,5,0,넘넘 기대이상!!,또 사고싶고 쟁여두고싶은것!!
오뎅탕,2019-11-23 17:52:05-07:00,5,0,넘 좋아요,급할때 바로 상담 할 수 있어서 좋아요
찌찌입니다,2019-11-23 17:48:30-07:00,5,0,얍,좋아요
탄이탄이탄이,2019-11-23 17:47:16-07:00,4,0,좋아요,좋아요~~
하라할,2019-11-23 17:40:43-07:00,5,0,좋아요,좋아요! 많은정보얻어갈께요
모찌누나2,2019-11-23 17:23:13-07:00,5,0,너무 좋아요,"이앱 유용하게 잘쓰고있어요~
좋은어플 강력추천합니다!"
셉쟝,2019-11-23 17:16:48-07:00,5,0,조아용,강아지 키울때 필수인거같아여~~~
Wyur208,2019-11-23 17:15:49-07:00,5,0,펫닥조아요,너무 유용해요
oejjk,2019-11-23 17:13:51-07:00,5,0,좋아요,정보가 많네요
뾰뾰뾰뾰,2019-11-23 17:05:30-07:00,5,0,좋은어플입니다,상담할수있아사 좋아요
류루라러룰,2019-11-23 00:21:30-07:00,5,0,괜찮네욤,좋아요좋아요~~유용하네요
꿀양v,2019-11-23 00:14:41-07:00,5,0,좋아욤,브이랩츄르 기호성도좋고 영양도 좋고 좋습니다!
하후라라룰,2019-11-23 00:10:28-07:00,5,0,편ㄴ리하고 좋아요 !̤̻,반려동물 아플까봐 항상 걱정인데 이런 좋은 어플이 있어서 다행이에요
아나누ㅏ어어어,2019-11-23 00:04:24-07:00,5,0,좋아욥,굿굿
망고니닌ㄴ,2019-11-23 00:03:35-07:00,5,0,강아지 병원 알기 쉽네요,수의사가 알려준다고 해서 좋네요!!
Vampire1031,2019-11-22 22:56:21-07:00,5,0,킨텍스,정말 좋은거 같아요
나너아눙,2019-11-22 22:54:19-07:00,4,0,짱짱,좋아요~!!💕💕💕💕💕
후훟랑,2019-11-22 22:49:43-07:00,5,0,좋아요,강아지 껌도 주시고 좋은거 같아요 푀고최고
앵식이1116,2019-11-22 22:34:31-07:00,5,0,펫닥 추천해요,브이랩통해서 알게되었는데 유용하고 사용하기 편리해요
해수흐하수수,2019-11-22 22:25:17-07:00,5,0,고양이 병원기록쓰기좋아요!,수의사분들이랑 수시로 연락할수있어서 좋아요ㅎㅎㅎ
벽ㅎ,2019-11-22 22:13:04-07:00,5,0,수의사 상담이 좋은 것 같아요,앞으로 잘 사용할 것 같습니다
바나니암,2019-11-22 21:57:55-07:00,5,0,케이펫페어 브이랩,강아지 영양제 수의사가 만든 믿을수 있는 브랜드예요!!!
최뱅용,2019-11-22 21:51:26-07:00,5,0,캐이펫에 왔어요!,일단 영양학 수의사분들이 만든 브랜드라 믿을 수 있을 것 같아요! 한번 먹여보고 괜찮으면 계속 고고!!
윤.스타,2019-11-22 21:47:53-07:00,5,0,유용해요!,반려견 키우면서 꼭 필요한 앱인것 같아요
jisun9209,2019-11-22 21:46:56-07:00,5,0,좋은거같아요,좋은거같아요
설기엄마이렬,2019-11-22 21:43:55-07:00,5,0,좋아요!,좋아요
yds3044,2019-11-22 21:41:16-07:00,5,0,좋아요,깔끔하고 좋습니다
10yj07,2019-11-22 21:39:56-07:00,5,0,브이랩최고!,브이랩 정말 유용한 어플이에요~!
빨리빨리대답해줭ㅅ,2019-11-22 21:32:16-07:00,5,0,미쳣어라는 말뿐,"어플로 펫모이 살수잇다고!? 대박적이자나!!
무조건이닥!페닥이닥!"
콩*ㅁ*,2019-11-22 21:29:36-07:00,3,0,고양이에게 좋은 정보 많이 주세요,감사합니다
lehye2310,2019-11-22 21:26:29-07:00,5,0,좋아요,잘쓸게요
TVCC NEWS,2019-11-22 21:26:09-07:00,5,0,굿국,귯
룰루비데야요,2019-11-22 21:25:16-07:00,5,0,앞으로 잘 써볼게요,잘 써보도록 할게요
빠다맘,2019-11-22 21:22:42-07:00,4,0,조아용,아주 좋아요~~
곰이랑이마미,2019-11-22 21:22:22-07:00,5,0,어플,많은 도움이 될것같아요
바나나우유때문만은아냐,2019-11-22 21:21:47-07:00,5,0,펫닥리뷰 좋아용,펫닥 어플 좋네요 ㅎ
yyeahㅁㅇㄹ,2019-11-22 21:21:16-07:00,5,0,좋아요,좋아요
맹미님,2019-11-22 21:12:00-07:00,4,0,좋아요!!,강아지 어플로 좋은거 같아요:) 자주 이용할께요
쓸쁨,2019-11-22 20:42:31-07:00,5,0,너무 좋아요,좋은 정보와 제품들 만나게 되서 너무 좋아여!!
?ㅋㅎ???,2019-11-22 19:31:27-07:00,5,0,펫닥,잘쓸게요!~~~~~
H-35,2019-11-22 19:30:39-07:00,5,0,유용해요,짱
몽몽실통통,2019-11-22 19:27:43-07:00,5,0,좋아영,강아지 아플때 필수!
Rlasa,2019-11-22 19:25:11-07:00,2,0,좋아여,너무조아여
dbtnwjdneiskx,2019-11-22 19:08:12-07:00,5,0,펫닥좋아요!!!,팻닥좋아요!!!
박나,2019-11-22 19:06:07-07:00,5,0,좋아요,좋아요
초코지니,2019-11-22 19:06:03-07:00,5,0,편리하고 좋아요,팻닥 어플덕분에 편리하게 이용할 수 있을것 같아요 좋습니다
뚀리모카,2019-11-22 19:05:10-07:00,5,0,좋아요,좋아요
카이누나,2019-11-22 18:54:44-07:00,5,0,편리하고 좋아요,강아지에게 필요한 일들 정리하고 캘린더 정리할때 편하고 좋아요
khjgdf,2019-11-22 18:52:13-07:00,5,0,좋아요,편하네요.....
단미또,2019-11-22 18:49:55-07:00,5,0,좋았어요,설치하고 너무 편하게 이용했어요!!
yoojing01dheks,2019-11-22 18:49:37-07:00,5,0,젛아요,좋아요
눨ㄴ이구르앤ㄷ,2019-11-22 18:42:00-07:00,5,0,좋아요,좋아요
김톢이,2019-11-22 18:40:32-07:00,5,0,좋아요,최고
쿠카키자저아밍,2019-11-22 18:39:42-07:00,4,0,좋아요,킄ㅎㅋㅎㅋㅎㅋㅎㅋㅎㅋ
yuding22,2019-11-22 18:36:55-07:00,5,0,좋아요,강아지 아플때마다 편하게 이용할수있을것같아요
안녕하러허허허헣ㅎ,2019-11-22 18:18:19-07:00,3,0,생각보다 답변이 늦었어요ㅠㅠ,"급해서 썼는데 조금 늦더라고요
안 급하면 충분히 괜찮은 거 같아요~"
BongJaSSI,2019-11-22 18:12:36-07:00,5,0,우리 아이의 건강을 위해,"행사때문에 알게되었는데, 많은 정보도 얻게되고 우리반려동물에 대해 더 공부할 수 있게되서 좋은 앱인 것 같네요.
건강보조식품도 구입할 수 있는 것 같아요. 추천드려요👍🏼"
호로로로러로러ㅗㅇ,2019-11-22 18:10:08-07:00,5,0,좋아요,좋아요
콩덕엄마,2019-11-22 18:09:47-07:00,5,0,너무 좋아요,사소한거다쳤을때 병원까지 가기 힘들때 가볍게 물어볼수 있는 앱이 생갸서 나무 좋은거 같아요
S다요리,2019-11-22 17:59:42-07:00,5,0,펫닥 너무 좋아요,굿굿 좋아영
ㅎ힝아어엃ㅊㅇㅇ,2019-11-22 17:59:08-07:00,5,0,유용한 어플,도움필요할 때 편리하고 유용해요
^^헤르몽,2019-11-22 17:52:09-07:00,5,0,강아지 키워요,좋은거가 같아요
Ryu0115,2019-11-22 17:50:35-07:00,5,0,좋아요,좋아요
피느루,2019-11-22 17:49:10-07:00,5,0,오,좋아요
seulkiiiii,2019-11-22 17:41:53-07:00,5,0,좋은어플이에요,꼭 사용해보고 싶습니다
용용죽게띠ㅋㅋ,2019-11-22 17:34:44-07:00,5,0,펫닥 너무 유용해요,너무 좋네용~~^^
키르세아린,2019-11-22 17:30:47-07:00,5,0,신기방기,이런세상이 왔네요 신기합니다 ㅎㅎ
젤록,2019-11-22 02:35:37-07:00,5,0,유용함,매우 유용한 유일한 공짜 .. !! 맘에 드러요~ 고마워요~!
kdnxhskd,2019-11-21 20:08:21-07:00,4,0,펫닥,편리하고 좋아요!!
도윱,2019-11-21 17:31:31-07:00,5,0,펫닥 좋아요,"매일매일 반려동물의 일기도 쓸 수 있고
전문 수의사님께 간단한 상담도 받을 수 있어요"
또닝떠닝,2019-11-13 23:13:55-07:00,5,0,병원까지 가기 애매한 내용 질문하기 좋아요,"중성화 수술하고 나서 비만되고 유즙이 나와서 상담했는데 자세하게 알려주셔서 엄청 도움됐어요
반려동물 키울땐 꼭 깔아놔야될 어플같아요"
"Anonymity,Korean",2019-11-13 23:13:51-07:00,5,0,아니 무슨 이런 어플이 다있죠?;,"너무 좋잖아요... 개발자님 사랑합니다!
정말 꼼꼼하고, 대면하지않고도 우리 아이에 대해 상세히 설명해주시니 감사할따름입니다 :)"
가가가11100,2019-11-13 23:00:44-07:00,5,0,편리한 어플!!,궁금하고 몰랐던 내용이 많아서 유용했습니당!!
빙비리봉봉봉,2019-10-29 19:59:23-07:00,1,0,별하나도아까움,새벽에 고양이가 아픈데 방법을 몰라 절박한 심정으로 상담신청했는데 병원가라는 말과 함께 15분이내로 추가답변 없음 마감이래서 2분도 채 안지나 다시 재질문했는데 읽씹인지 답없음. 3시간 이내로 답이오긴 개뿔. 다신 안쓴다 이딴앱
우다다다다다다다닫,2019-10-14 23:17:55-07:00,5,0,너무 유용해요!,병원 가기 애매할때 혹시나 하구 상담 받았는데 별일 아니여서 시간 비용 아꼈네요~ 수의사분도 친절하게 설명해주시고~ 검색으로 다른 분들 상담 내용 통해서 따로 질문하지 않아도 알 수있고 넘넘 좋아요! 번창하세요!^^
조미글,2019-10-10 06:34:54-07:00,1,0,대체 수의사분들이..,"다른 동물병원에 일일히 전화해서 물어보기 좀 애매한 질문이라 물어보는데도 자기네들은 답하기 힘들다며 얼렁뚱땅 넘어가질 않나, 대충 답해주곤 상담 종료를 요청하지않나. 예전부터 많이 거슬렸는데 진짜 너무 할 정도네요."
깔끔푸우,2019-09-22 22:44:45-07:00,5,0,기대치 않았는데,사용하기 편하고 좋아요~
보핍의양1,2019-09-10 06:34:08-07:00,3,3,어플이 너무 불편해졌어요,예전에 몇번 이용했었는데 업뎃하면서 최적화가 안 되었는지 애기 피부 때문에 상담 좀 받으러 사진 추가 하려고 사진 추가 누르면 사진이 없습니다 글자만 떠서 상담을 할 수가 없네요... 글자로만 설명할 수도 없고 있는 기능 써지지도 않게...(프로필 사진도 마찬가지에요 그냥 사진 추가가 안 되요) 추가 정보 입력 사료이름 쓰는것도 왠 글자수 제한이 있고요;; 예전에 이용했을때 수의사분들 답변은 나름 빨랐고 병원 가기전에 이용하기엔 좋은거 같아요 그 외엔 어플이 좀 느려진 것도 같고 이대로 안 고쳐지면 그냥 바로 병원 데려가는게 낫죠...
문제 해설...,2019-08-12 06:39:18-07:00,4,0,다 좋은데,다 좋은데 아니 반려동물 등록을 하라고 해서 6번 넘게 했는데 되지도 않아서 질문들 못해요그것 빼고는 자 좋아요
뜰2,2019-08-11 13:40:20-07:00,5,0,사진 말고 영상 업로드도 가능하게 해주세요,영상으로 정확하게 설명하고 싶은데 잘 모르는 보호자의 정황설명 보다 영상 한개가 훨씬 정확한 상담을 받을 수 있을 것 같아요
최악악악악악,2019-07-29 02:08:48-07:00,1,0,최악,급해서 상담신청 햇는데 16시간뒤에야 답장 오고 심지어 답장도 ㄹㅇ 동문서답임 내가 걱정하는 고민과 하나도 상관없는 얘기를 함;;;;그리고 자기 맘대로 상담 끝내버림 이럴바엔 병원을 가는게 백배 천배는 더 나음 진짜 쓰레기 앱임 특히 정준모 수의사 진짜 불친절하고 동문서답임 절대 쓰지마셈
Euny_,2019-07-28 16:34:40-07:00,1,0,엉망이네요,특히 수의사 상담부분 프로세스는 인터랙션 포함한 사용성 진짜 엉망진창 끝판왕이고요. 상담 종료됐는데 채팅내역을 다짜고짜 위로 밀어서 가려버림ㅋ 그리고 상담 종료 알림 문구는 문구면 문구지 버튼처럼 만들어놔서 바보같이 그것만 수차례 클릭해대다 안돼서 짜증나서 탈퇴까지 생각했습니다. 디자이너도 이 회사에 있는거 맞죠?;;; 기초적인 사용성도 제대로 고려 안된 디자인 너무 실망입니다. 그리고 예전엔 안이랬는데 상담 알림 떠서 들어가봤더니 아무리 이리저리 해봐도 업데이트된 메세지는 안뜨고. 새로고침 이런 기본적인 것도 없고. 이게 앱인지 방구인지. 그나마 수의사 상담이 유일무이한 장점이라서 별 한개 남깁니다.
베베믐,2019-07-22 08:02:15-07:00,1,0,주소찾기 불가,"휴대폰 인증 후 주소찾기시 흰 화면만 뜨고 아무것도 안되 가입을 못하고있습니다. 
꽤 오래전부터 오류가 발생한것같은데 언제 해결될까요"
쿄ㅗ쵸,2019-07-19 21:12:57-07:00,1,0,수의사 답장,무료로 상담해주는 거여서 성의 없는 건 이해를 하겠는데 답장이 왜이렇게 느리죠? 3시간 이내로 답장 해준다더니 5시간 6시간이 가도 답장 안 오고 마음은 급해 죽겠는데 그렇게 기다렸더니 답장 꼴랑 한 줄 ㅋㅋㅋ
drgon min,2019-06-13 05:24:48-07:00,2,0,약간 실망이네요....,"처음 펫닥을 이용했을때는 수의사분의 답변이 3시간 이내로 빠르게 답변이 왔지만 후에 이용할수록 3시간이 넘어도 답변이 안오는경우가 허다합니다. 바쁘신건 알겠지만 펫닥에서 3시간 정도후에 답변이 온다고 했고 어쩌다 한두번 늦는경우는 이해를 하겠지만 빈도수가 잦네요. 그리고 물론 사진과 글로 진단을 하시는 거라 어느정도 한계가 있는건 알겠지만 답변이 병원가라 끝 이런 경우도 있습니다. 펫닥을 이용하는 이유가 병원진료가 당장 힘들거나 병원가기 애매할때 이용하는데 이런식으로 답변을 하면 펫닥의 존재의미가 틀어진다고 생각됩니다. 적어도 집에서 할 수 있는 간단한 조치방법같은거라도 알려주셨으면 좋겠습니다. 

취지는 좋았으나 이용할수록 너무 아쉽네요. 결국은 그냥 자주가는 동물병원에 카톡으로 간단진단받는것이 훨씬 좋은 것 같습니다."
딸기맛알사탕,2019-06-12 22:51:01-07:00,1,0,상담 문의 올렸는데,"담당 수의사 분이 “안녕하세요” 라고 하기만 하시고 말씀도 없으시네요.
그 다음 말씀하실 때까지 답장 계속 기다리는데 답장도 없으시고..
그냥 인터넷 카페가서 물어보는게 낫겠어요."
cestyoun,2019-05-03 01:54:31-07:00,4,0,전체기록을 볼 적에,"캘린더식으로 월별로 한눈에 볼 수 있으면 좋겠어요.
구토를 했을 경우에 메모해서 체크해두는데
일주일만 보여서 이전 날짜를 
찾아가야하는게 불편해요."
조다정애미,2019-04-28 05:03:31-07:00,2,0,"오류 좀..,ㅜ루르ㅠㅜㅠㅠㅠ",강아지 피부에 뭐가 나서 사진 첨부해서 상담을 받으려고 하는데 계속 특정 사진폴더에 있는 사진들만 뜨고 다른 사진은 아예 안떠서 상담을 못받고있어요ㅠㅜㅜㅠ고쳐주세요 !!
u00ay,2019-04-26 06:04:32-07:00,1,0,오류인지 뭔지 모르겠는데,강아지 증상에 상담을 올리려고 급하게 받았는데 왜 사진이 자기 마음대로 정렬이 되고 갤러리에는 있는 사진이 보이지 않는 것인가요 의사선생님과 강아지의 아픈 증상을 집에서 빠르게 상담하는 것이 큰 장점인 어플이라고 생각하는데 사진 올리는 것에 오류가 생기면 도대체 무엇이 장점인지 알 수가 없어지는 것 같습니다 오류인지 뭔지 모르겠습니다만 얼른 해결해 주셔야 할 것 같습니다
케빈덕배,2019-04-23 08:20:20-07:00,1,0,가입이 안됩니다,"주소까지 입력하고 회원가입완료 누르면 댕댕이 얼굴 주위에 동그라미가 돌아가기만 하고 가입이 안됩니다
앱을 삭제했다 다시 깔아도 안되고 핸드폰을 껐다 켜도 안되고 와이파이, 데이터로 해도 다 안됩니다
진짜 몇번을 시도한건지 짜증나네요"
여신민정짱,2019-04-22 22:16:39-07:00,5,0,회원가입오류,회원가입완료만 누르면 로딩화면에서 넘어가질 않아요 빨리 고쳐주세요..어플 지웠다 다시깔아도 그렇고 카톡으로 만들어도 그렇고 이메일로 만들어도 그렇고 뭘 해도 계속 그러네요
막창이땽기는날,2019-04-22 22:15:16-07:00,1,0,서버관리안하세요?,"어플깔고 화원가입에서 넘어가질 않네요
다른분들 평가보니 최근부터 계속 이런문제가 발생한다고 문의드렸는데 아직도 개선중인가요??
아님 이제 어플관리안하시는건가요?"
홍혜찐,2019-04-21 08:19:19-07:00,5,0,메모 추가할 수 있었으면 좋겠어요,"아이가 아파서 메모로 기록해야하는데,
하루에 한번만 할 수 있어서 아쉽네요
메모 추가할 수 있었으면 좋겠습니다"
뭘봐ㅏㅏ,2019-04-16 01:34:36-07:00,1,0,대체 몇번째 이러는건지 모르겠네요,상담할게있어서 여러번이고 반려동물 등록했는데 계속 안되네요 그래서 지웠다 깔아서 회원가입 새로 했는데 가입완료 눌렀는데 거서 로딩걸리다 렉 걸리네요 저는 대체 언제 써보나요
shammahs,2019-02-24 21:17:22-07:00,5,0,회원가입 불가능,"마지막 사진추가하고 닉네임 설정마치고
주소찾기에서 주소를 선택하면 흰화면만 뜬채로
넘어가질 않아 가입완료가 안됩니다."
이해저자모당,2019-02-22 09:40:29-07:00,1,0,뭔가요 브이랩?제품 홍보만인가요,"수의사 상담은 질적으로 너무 떨어집니다 
특정 상품 제품 홍보를 위한 앱인가봐요 도움됐다는 후기들이 다 알바인가보네요 ㅉㅉ"
풔ㅏㅏㅠㅓ,2019-02-15 10:10:00-07:00,5,0,주소입력이안되요,주소입력안되서 회눰가입안대여ㅡㅡ 오류ㅡㅡ
걍병원가셈,2019-02-04 22:44:12-07:00,2,0,답변 기다리다목빠짐,상담 기다리다가 애죽어나겠네.
달달수수님,2019-01-20 01:20:07-07:00,3,0,"펫닥 너무 좋은데, 상담 신청할때 사진 저만 안 올라가나요?",어제부터 계속 시도하는데 한 번도 안되네요ㅠㅠ
얘쁜애쁜,2019-01-15 00:58:54-07:00,3,0,급하게 물어볼땐 용이함,"급하게 질문해서 수의사가 답해주는 거라서 믿음은 가긴 하는데 간혹 자기도 의아하다거 하는 경우도 있습니다. 그냥 병원으로 가는게 제일 인것 같네요 
그리고 수의사분이 이렇게 빠르게 답장오는 부분도 신기하네요 바쁘실  텐데"
uzeeo,2018-12-13 17:44:22-07:00,5,0,회원가입 휴대폰 인증까지 하고나면,아예 안들어가져요 어떻게해야하죠ㅠㅠ
꾞!!!!,2018-12-02 20:46:34-07:00,4,0,매우 좋아용,근데 동물병원이랑 연동된다는 탭 어디있나요??ㅠㅠ 그거 때문에 깔았는데ㅜㅜ
/&&1@/&!:&//,2018-12-02 16:23:23-07:00,1,0,수의사 진단도 설렁설렁 정확하지 않고,탈퇴가 안 돼요. 수 십 번을 시도했는데 탈퇴가 안 되고 자꾸 로딩만 빙글빙글 돕니다. 해결해주세요!
ㅈㄴㅈㄱㅇ,2018-10-28 13:01:28-07:00,1,0,업뎃하고 에러장난아님,"처음엔 상담도 친절하게 해주시고 답도 빠른 부분에서 진짜 좋았어요.
업뎃하고 산책기록이며 체중이며 아무것도 기록이 안됨.
내 폰이 미친건가 해서 다른 폰 4개로 해봤는데 죄다 안됨"
행복하게 건강하게,2018-10-28 05:45:31-07:00,1,0,회원가입 간편로그인,"저거 둘다 안돼요
회원가입도 하는데 아디 비번 만드는거ㅛ도 제대로 했는데 정보가 올바르지않다그러고 카톡 페북 네이버 간편로그인하려해도 확인누르면 계속 튕겨요
다시깔고 지우고 해도 ㅠ"
우밈,2018-10-27 20:49:59-07:00,1,0,가입자체가안돼요,"개인정보필수체크하고 넘어갈려고하면 흰바탕만나와요 저희집 기기 다 해봐도 마찬가지에요
이용하고싶은데 빨리 해결부탁드려요"
아가시간대좀수정해줘용,2018-10-27 06:10:27-07:00,1,0,아이폰7 접속오류,가입후 흰 바탕만 지속되네요.. 튕기구요
명명명명명,2018-10-25 08:39:43-07:00,1,0,오류발생,회원가입 인증번호까지완료했는데 흰 바탕만 뜨네요ㅠ
J1woo,2018-10-25 01:30:12-07:00,1,0,ㅡㅡ본인인증좀,아이폰x 본인인증 하려고 휴대폰번호 적고 인증을 몇번을해도 문자가안옴 애는 이상하고 머어쩌란건지모르겠네 해결좀 바랍니다
뿔달린토끼,2018-10-24 10:00:43-07:00,1,0,화면이 하얗게된 상태로 안되네요,카톡아이디로 로그인하니까 화면이 안바뀝니다
태구밍,2018-09-26 07:36:50-07:00,2,0,로그인이 안되네요,로그인이 안돼서 하루가 지난 뒤에 밖에서 다시 시도해보니까 되더라구요 . 그래서 문의넣고 답장이 왔길래 펫닥에 들어갔는데 또 로그아웃이 되어있고 다시 로그인 하니 아예 로그인 자체가 안되던 ㅠ.ㅠ
ㅋ롴로,2018-09-14 03:00:07-07:00,5,0,너무 좋습니다,이 어플 진짜 너무 좋아요 ㅜㅜ 원래은 애기가 아플때 멀리 차 타고 병원을 갔었어야 되 는데 이 어플을 알고나서 쓰니까 간편하고 멀리 병원도 안가도 되고 너무 좋은거 있죵 ㅜㅜ
21년산홍삼,2018-08-24 17:46:58-07:00,1,0,불친절,수의사쌤이 불친절해요
솔디몬,2018-08-08 08:27:25-07:00,2,3,기대이하,"수의사 상담은 무료이긴 하지만 그래도 기대 이하였습니다
 질문 몇개드려봤는데 대답이 다 병원가서 검진을 받아봐라, 심지어 여름철 노견 보양식에 대한 자문을 구하는 질문에도 병원가서 검진받고 영양제를 사다 먹이라고 하시네요
 제 담당 수의사분만 그러신건지 잘 모르겠지만 딱히 답변이 도움이 되지는 않았어요
 상담보다는 메인화면에서 볼수있는 강아지에 대한 여러 컨텐츠들이 더 유용해요"
ㅋ쿸ㅋㅋ,2018-08-04 05:40:12-07:00,5,2,너무 좋아요ㅜㅜㅜㅜ,"아이가 갑자기 아플때, 인터넷은 신뢰도가 높지도 않을 뿐더러 내 아이와 정확히 같은 증상이지도 않아서 도움이 크게 되지 않고, 주변 병원에 전화해 봐도 
말로만 설명하는게 한계가 있어, 직접 병원 데려가지 않으면 해결할 방법이 딱히 없는게 불편했어요. 
근데 이 어플은 수의사 분들과 채팅으로 개인상담이 가능하니 이게 정말 좋아요. 채팅하며 사진도 보여줄 수 있으니 너무 좋은 것같아요:)
오늘 아이가 초록색 토를 해서 토 사진을 보내주며 상담했는데, 직접 데리고 가는거 외에는 가장 정확하게 진료 받을 수 있고, 집에서 편리하게 진료 받을 수 있으니 너무 좋았어요! 그리고 수의사 분이 정말 친절히 답변해 주셔서 감사했어요~
상담 말고도 교육이나 이런저런 증상, 행동들에 대한 유용한 팁들 많이 얻어가서 공부도 되고 이 어플 너무 좋아요!!!!!!!:D"
김솜이97,2018-05-23 15:50:30-07:00,3,0,로그인이 안돼요,지금 수의사분에게 답변이 왔는데 로그인이 안되서 못봐요 이러면 무슨소용이 있죠..?
rnrnrnfkQh,2018-05-11 00:27:46-07:00,1,0,진짜,별로
별명을 왜해 도대체,2018-05-05 23:09:19-07:00,1,0,진짜별로,"어플 후기 정말 처음 써봅니다 
상담 최대 3시간정도 소요된다고 되어 있던데 
반나절 넘게 답도 안오고 답이 왔는데 거의 단답 ..
컴퓨터가 답해주는줄 알았어요 친절하단 느낌도 받지 못했고 인터넷 검색하는게 더 빠르고 더 자세한거 같아요 
강아지 키운지 얼마 안돼서 정보 얻고 모르는거 상담 받아보려고 어플 받았는데 별 도움은 안되어서 일주일 쓰다가 지웠어요 
댓글에 다 좋은 얘기뿐이라 다운받았는데 어떻게 좋은얘기 뿐인지 신기하네요"
아이폰뀽,2018-04-16 00:48:23-07:00,1,0,아이폰유저입니다 구매목록삭제 부탁드립니다,아이폰유저입니다 구매목록삭제 부탁드립니다
@화남,2018-03-29 00:13:09-07:00,3,0,앱이 왜자꾸 오류가 나죠,"업데이트를 한 뒤부턴지 로그인 하려 했더니 카카오톡으로 로그인 하려했는데도 자꾸 인증 실패라 나오고 페이스북으로도 로그인 하려는데 또 인증 실패라그러고 이메일도 로그인이 안돼서 비번을 잊어버린걸까 해서 비번 찾기로 메일로 온 링크 눌렀더니 오류났다는 창만 뜨네요 
어떡하라는 거죠?"
Kdjshwbfifjanabns,2018-03-01 13:53:02-07:00,1,0,병원가보세요,"병원가보라네요, 병원가기 힘든상황에서 상담신청하고 병원가보라는 답 들으니 정말 감사하네요 역시 병원가야 하는 거였어"
영상이100,2018-01-21 02:26:41-07:00,1,0,무슨 개인정보를 그렇게 요구하는지!!!!!,"너무 장사꾼 느낌.
대충보니 가까운 병원 연결해서 수수료 받는 어플!!"
짜짜링,2017-11-14 00:04:42-07:00,1,0,성의 좀 있어봐라,무료 어플이라 할지라도 수의사들 최소한 필요한 말은 해줘야지 근처 병원가서 물어보라하고 먼저 쌩하니 종료해버리고 틀에 박힌 누구나 아는 답변 하고 어려운 거 묻는것도 아닌데 ㅋㅋ 한둘이 아니라 다~ 그럼 병원 찾아가서 깽판 놓을라다 참음 어플 별점이 쓸데없이 높은듯 ㅎㅎ
후루룰ㄹ,2017-10-28 01:29:24-07:00,5,0,토리 너무 귀여워요 8ㅅ8,구급상자도 만들고 좋은것같아요!
ㅡㅡ결재만되써요,2017-10-28 01:19:51-07:00,5,0,유용한 어플인것 같아요!,반려인들에게 유용한 어플인것 같습니다:)
mst_by,2017-10-28 01:19:34-07:00,5,0,펫닥좋아요!!,간단하고  깔끔한 반려견에 관한 모든것이 한번에!
6izpoint,2017-10-28 01:15:45-07:00,5,0,좋은 서비스,좋습니다
ㅣ곤ㄷㅅㅂㅈ,2017-10-28 01:10:41-07:00,5,0,펫닥은,좋은어플인거같아요
Hanbyul419,2017-10-28 01:09:28-07:00,5,0,기대기대,"반려인, 반려견, 반려묘에게 도움될 어플이 드디어 나왔네요. 감사합니다 . 좋은 정보 부탁해용"
ㅎㅎ여신,2017-10-28 01:09:19-07:00,5,0,넘나좋은어플!,"꼭필요한 어플을찾았어요!!!! 
넘나최고👍🏻👍🏻 유용하게 쓰고있어요~~~!"
옌굳,2017-10-28 01:06:20-07:00,5,0,굿,수의사님께 바로 물어보고 정보알수있아서 좋네용
허지ㅁㅁㅁ,2017-10-28 01:04:24-07:00,5,0,댕댕이,이벤트참여하게됐어요 화이팅
Seunghyeon Gil,2017-10-28 00:58:20-07:00,5,0,반려견에게 딱 좋은 어플,잘 이용하고 있어요 추천합니다
웅방ㅊ,2017-10-28 00:57:16-07:00,5,0,짱,짱
감귤인뎅용,2017-10-28 00:52:48-07:00,5,0,감사,상담도해주시고 감사해요
카툰해피,2017-10-28 00:47:41-07:00,5,0,펫닥은사랑입니다,굳굳
웡건컾,2017-10-28 00:18:01-07:00,5,0,반려견에 대한 궁금증 바로 해결 가능한 어플,평소 반려견의 반응이나 증상에 대해 궁금한 점이 많은데 어플을 통해 수의사님께 바로바로 물어볼 수 있어서 좋아요
ㅁㅍ뉴어다라ㅐ히ㅏ두,2017-10-28 00:17:34-07:00,5,0,많이 애용할 것 같아요,강아지 아플때마다 발만 동동 구른적이 많았는데 어플로 도움 많이 받게될것같아요!!
Buzz-1st,2017-10-28 00:15:59-07:00,5,0,좋아요!,"강아지키우면서 갑자기 아프거나, 이상이 생겨도 실시간으로 수의사님하고 상담가능한게 편리하고 좋은거 같아요👍👍👍"
뿌꾸마요,2017-10-28 00:14:39-07:00,5,0,편리하고 좋네요,병원에 못갈때 온라인으로 24시간 아무때나 궁금한거물어볼수있어서 좋네요
s-ea1222,2017-10-28 00:09:15-07:00,5,0,댕댕이페스티벌,"이런 게 있는지
몰랐는데 앞으로 도움이
많이 될 거 같아요 !!"
areu_mi,2017-10-28 00:03:38-07:00,5,0,업데이트 된후 너무 좋아졌어요,"주말에도 친절하게 상담해주시고
업데이트 된 후 너무 편리하게 바뀌었네요
추천합니다"
라니가족,2017-10-27 23:51:23-07:00,5,0,신기해요!!!,처음 봤어요. 이런 편리하고 좋은기능!! 애견인으로서 기쁘네요!!
바나낭우유,2017-10-27 23:26:59-07:00,5,0,댕댕이페스티벌,상담 감사합니다 :)
삼ㄸㅍ이,2017-10-27 23:20:57-07:00,5,0,병원가기 애매할때 유용할 것 같아요,일요일이나 휴일에 잘 사용할게요
My012,2017-10-27 23:15:25-07:00,5,0,수의사와 상담 가능한 펫닥 좋아요!,수의사와 상담 가능한 펫닥 좋아요!
날랭찌,2017-10-27 23:12:31-07:00,5,0,좋아요,좋아요
mgmgj@tgtjgmg,2017-10-27 23:07:38-07:00,5,0,좋은 앱 감사합니당,(◕ᴥ◕) 자주애용할게요
문블,2017-10-27 23:04:47-07:00,5,0,최고,최고입니당
Jasmin 89,2017-10-27 23:04:18-07:00,5,0,펫닥,"앱으로도 상담이 가능하네요.
유용하게 잘 사용할수 있어요"
우리예니,2017-10-27 23:04:17-07:00,5,0,ㅎㅎㅎ,펫닥짱 ㅋㅋㅋㅋ
우리구니,2017-10-27 23:03:36-07:00,4,0,ㅋㅋㅋ,펫닥짱
나라고요오,2017-10-27 23:02:03-07:00,5,0,유용한 어플,엄청 유용한 어플이네요 도움이 될 것 같아요 애견인들에게
qyur013,2017-10-27 23:01:35-07:00,5,0,펫닥 🐶❤️,실시간으로 수의사분들이 상담해주시는 너무 편리한 어플 👍🏽 우리 별이 탄이 두 개린이에게 필수인 어플이에요 👍🏽 별 다섯개 쾅쾅 ❤️ 좋은 어플 감사해요 !!
lemonyhee,2017-10-27 23:01:28-07:00,5,0,good,이용잘 하겠습니당
갸갸갤뽀,2017-10-27 23:00:19-07:00,5,0,굳굳,굳입니당
딩동대양,2017-10-27 22:58:36-07:00,5,0,펫닥 좋아용,좋은어플 감사합니다❤️❤️❤️
fleecymovie,2017-10-27 22:52:03-07:00,5,0,반려견을 사랑한다면 필수앱!,좋은 어플 만들어주셔서 감사해요. 항상 블로그 검색하면 홍보리뷰만 나와서 답답했었는데 펫닥으로 좋은 정보 무료로 받울 수 있어서 너무 안심되요ㅠㅠ
Keh1644,2017-10-27 22:49:37-07:00,5,0,너무 좋은 어플이네요,키우는 강아지 궁금한게 있으면 도움이 많이 될것같아요
솜솜쓰,2017-10-27 22:44:27-07:00,5,0,짱좋,너무 친절하고 좋은 어플이네요
dodream지혜,2017-10-27 22:40:14-07:00,4,0,소중한 내 강아지를 위해,내 소중한 강아지를 위해 건강정보 굿!!
리밍밍밍밍,2017-10-27 22:33:22-07:00,5,0,저아용,좋아용
ㅇㅇㅎlyh,2017-10-27 22:33:18-07:00,5,0,펫닥 굿닥^^!,좋은 어플 잘 쓰고 있습니다. 너무 유용해요! 앞으로도 꾸준히 업데이트 해주셨으면 좋겠어요!!
우야라가아라,2017-10-27 22:28:33-07:00,5,0,정말좋은어플 추천합니다!!,정말 좋은 어플인거같아요 많이 애용하고 자주 이용하겠습니다
1004드래곤,2017-10-27 22:17:47-07:00,5,0,좋아요!!,실시간으로 상담까지 할수있어서 유용하네요~
뽀올로,2017-10-27 22:16:34-07:00,5,0,좋아요,병원에 가지 않아도 바로 상담해볼 수 있고 급한 상황에서 주위에 동물병원 찾기에도 좋을것 같네요!!
강강강아지,2017-10-27 21:33:05-07:00,4,0,정말 유용하네요,이런거 환영입니다~
보룸,2017-10-27 21:12:38-07:00,5,0,좋아요,유용해요
조콩😍😍,2017-10-27 20:55:12-07:00,5,0,좋아용,"반려견을 위해선 너무 좋은 앱 같아요!
자주 이용할게요!!!"
아이미쓰유,2017-10-27 20:48:44-07:00,4,0,무료로 의료상담을 받을 수있는게 너무좋네요!,응원합니다!!!
가짜락생,2017-10-27 20:31:43-07:00,5,0,집에서 급할때 유용하네요~,집에서 갑자기 강아지가 아플때 유용하게 쓰고잇습니다~
주노왕,2017-10-26 19:25:41-07:00,5,0,펫닥은,"사랑이네요 좋은 어플 만들어주셔서 감사합니다^^
수의사분들 넘나 친절하고 동물백과로 공부하는 재미가 쏠쏠하네요 유기견 분양도 고려 중인데 무료 입양키트까지! 사랑합니다 펫닥"
꺄울울짱짱짜응,2017-10-16 02:42:01-07:00,5,0,좋아요 추천드립니다^^~!,반려동물과 함께 살아가고 계신 가족분들께 추천드립니당! 앱도 깔끔하고 좋네요^^
ajeldh,2017-10-15 21:41:43-07:00,1,0,ㅁ,자꾸 튕겨요 ㅡㅡ
유치한데재밌넼ㅋㅋㅋㅋㅋ,2017-10-13 07:12:32-07:00,1,0,왜자꾸튕기죠..?,제핸드폰이 이상한건가 싶었는데 상담을했는데 그채팅창에안들어가지고 튕겨나가요... 다른건다멀쩡한데 리뷰처음써보네요.. 상담도답도못듣고 어플지우네요..
\🐷🐴🐑,2017-10-12 09:45:56-07:00,1,0,앱이 종료됩니다,수의사 상담을 신청했는데 수의사 선생님의 답변이 왔는데 볼 수 가 없습니다. 상담내용을 보기위해 터치하면 자동을 앱이 종료됩니다.
웨인따비,2017-10-11 20:31:29-07:00,5,0,수의사 상담 굿굿,강아지 키우는 게 처음이라 아직 모르는게 많은데 수의사 상담 기능 아주 유용하네요!!!! 그밖에 애완견 관련 정보 같은 것도 아주 잘 보고있어요!!!
mmmoonnggg,2017-10-11 20:22:59-07:00,5,0,구웃,간단한 질문할때 좋아요 강아지 댈꼬 병원가야하나 싶은데 막상 가면 별거아니고 그럴때가 많았는데 좋네요
남갱남갱,2017-10-11 20:09:41-07:00,5,0,참 좋고 편리해요!! 수의사 상담도 친절합니다,너무좋아서 후기남겨요~~ 리뷰 보면 수의사 상담이 불친절하다 뭐 기본적인것만 알려준다 이따구로 글쓴 모지리들 몇명 보이는데.. 참 바보같다는 생각이드네요 ㅋㅋㅋ 으휴 모지리들
유짐,2017-10-04 10:39:45-07:00,1,2,별로네요,"가입할때도 인증번호를 맞게입력했음에도 불구하고 인증실패로 떠서 힘들게 가입했는데 영 별로네요..
정보도 많이없고 무엇보다 수의사가 직접상담해주는 부분이 좋은거같아 어플을 깔고 가입까지한건데 수의사상담이 영....아무리 모바일이고 돈을 내고하는게 아니더라도 최소한의 성의는 있어야한다고 생각하는데 상담내용이 너무나도 성의없이 대충대답하시고 심지어 너무뻔한 이야기들뿐 ex)아이가 잘하면 간식을주세요 
잘하면 간식주는건 누구나 다 아는일인데... 우리강아지의 공격성을 줄일수없나요라는 질문에 단지 저말뿐..ㅋㅋㅋ 무료상담이기에 많은걸 바란건 아니지만 이건 좀 아닌거같다.... 물론 나와 연결된 수의사선생님만 이런거일수도있지만 난 정말 별로였다"
조현선,2017-09-27 22:43:38-07:00,1,2,별로,"기대 많이 했는데 별로네요, 일단 답 오는것도 엄청 느리고 단답수준으로만 답변와요 뭐 알려주는것도 없고 그냥 병원가라그러고 갔다 와서 물어보는건데; 솔직히 그냥 카페에 물어보는게 더 낫네요 이 어플 목적이 상담아닌가요? 상담질은 정말 별로..아 병원가라고 유도하는건가? 수의사들 돈 많이 벌겠네요ㅋㅋㅋㅋ답변도 뭐 인터넷에서 나오는 다 아는 내용들이고요 쓸일없을거같아서 삭제합니다"
해래래해해해,2017-09-26 19:58:24-07:00,5,0,정말로 편해요,"질문을 올리면 바로바로 답해주시고요
동물병원에 가기전에 어느정도 대처를 도와주셔서
너무나 잘 쓰고 있습니다.
감사합니다. 추천추천"
이월맘,2017-08-17 22:00:25-07:00,5,0,좋아요,여러정보공유할수있어서좋어요!
네이비지로,2017-08-17 21:59:15-07:00,5,0,좋아요!,"완전 유용하고 좋네요!ㅎ
자주이용할게요!!!! :)"
타냐맘,2017-08-17 21:58:07-07:00,5,0,조아요,직접 수의사 선생님 답변을 들을수 있어 좋네요
누가윤댕이했냐?,2017-08-17 21:55:53-07:00,4,0,급한 상담은 신속하게~,처리할수 있어요 너무 좋아요
ㅛㅛ요요,2017-08-17 21:55:51-07:00,5,0,Good,좋아용!
란*^^*,2017-08-17 21:53:23-07:00,4,0,좋아요,좋아요
징크롱👀,2017-08-17 21:52:20-07:00,5,0,간편해서 좋아요!,"당장 아플때 병원 갈수도 없고ㅠㅠ간편하게 미리 알수잇어서 좋아요
무엇보다 24시간 바로 상담 가능한게 가장 좋은것같아요!"
벨라블리 킴,2017-08-17 21:47:03-07:00,5,0,펫닥이라는 어플을 왜이제 알았을까요 ㅠㅠ,"삼냥이 키우는 집산데요 
매일 네이버 카페나 검색해보며 사료를 토하거나 설사할때마다 전전긍긍해요..
특히 새벽에 그럴땐 진짜 병원 가야되나 하고 그다음날 날밝자마자 간적도 있답니다ㅠㅠ
집사의 마음은 항상불안불안한데 이런 어플이 나왔네요! 사진까지 찍어서 보내고 
증상을 알려드리면 잘알려주셔서 긴급시 혹은 정말 급할시 아니면 굳이 작은걸로 병원가서 병원비 왕창 쓴적도 많은데 그럴일이 적을것같아요!
ㅠ0ㅠ 감사합니당~~💜"
올리브아줌마,2017-08-17 21:44:34-07:00,4,0,이런 앱은 처음입니다,앞으로 요긴하게 사용할수 있는 좋은 앱이 되길 바랍니다
또옹오유유우아아애ㅣㅡㅡ,2017-08-10 02:37:14-07:00,1,0,별하나도 아까움,강아지가 증상이 있어서 물어볼때마다 매번 병원가세요..ㅎ 병원갈수있는 상황 또는 시간이였으면 병원가지 왜 핸드폰잡고 물어보겠어요? 당장은 못가는데 애는 아픈거같으니까 답답해서 물어보는거죠ㅡㅡ 진짜 이 앱이 왜 있어야 하는지를 모르겠음
혜라뉫,2017-08-05 11:06:50-07:00,5,0,상담동물병원에..,창원시 상남동에 있는 이든동물메디컬 병원도 넣어주세요
바바바나너,2017-07-22 08:43:56-07:00,1,0,개똥같은 앱,키우는 강아지(비글)가 자꾸 돌을 씹는다고 행동교정 상담을 올렸더니 비글은 원래 아무거나 잘먹는다고 계속 제지해주라며 네이버 지식인 초딩 답변 같은 얘기를하고있네..닥터는 무슨..
hhhhhhhhhh22,2017-06-12 07:24:12-07:00,4,0,앱 실행중에 알림창을 확인 할 수가 없네요,앱 실행중에는 터치가 안먹혀요~8ㅅ8
bling_lim,2017-05-25 19:15:32-07:00,5,0,너무너무 좋아요,"펫에 대한 재미잇는 이야기들도 많이 올라오고, 애견인들이랑 커뮤니티도 만들어지니 너무 좋은 것 같아요!

그리고 제일 대박은 사실 가벼운 버릇같은건 궁금해서 지식인에 많이 물어봤었는데 펫닥에선 수의사님이 직접 답해주니 대박 믿음직!!!! 너무 조아여"
Sjsjisiw,2017-05-21 04:06:14-07:00,1,0,별로임,개별로임
떠누티는,2017-05-10 07:02:28-07:00,2,0,별로,"앱스샷처럼 상담을 자세하게해주진않네요
병원갈시간안될때 위급한상황에 쓰려한건데
아무리장문의질문을던져도 조금더지켜보세요^^
지켜보세요밖에 안하는것같아요 느낌상;;"
핰ㅋ어운,2017-03-07 05:00:04-07:00,1,0,별로,자꾸 에러 가 뜨네요ㅜ
Rlarudwl,2017-03-02 07:22:22-07:00,5,0,아직답변달리는걸못봣는데 유용하겟네요~~,유용하겟어요
곰탱이럽럽,2017-03-01 01:27:42-07:00,1,0,무료라고해서,"받았는데 왜결제되는건지-.,-;;환불해주시죠"
서ㅔ이애ㅏ아아으ㅡ으,2017-02-24 23:54:48-07:00,1,0,나도 별로,진짜 나도할수있는 대답해줌 ㅋㅋ 수의사 아닌듯
대박좋은앱,2017-02-19 05:53:06-07:00,5,0,좋은것같아요!,초보자인 저에게좋은것같아요 답변도빠르고~강추합니다!앞으로더발전되리라생각합니다!기대됩니다
도흐11111111,2017-02-07 17:57:09-07:00,5,0,꼭 필요한 어플!,"사소한것들은 병원에 갈때마다 묻는다는걸 잊어버리는데 그때 그때 마다 바로 물어볼수도 있고 다른 견주님들도 코멘 달아주시니까 도움이 많이되요
더군다나 수의사선생님께서 알려주시는거라 믿을수 있구요"
Ae:),2017-02-04 18:12:06-07:00,5,0,감사한 어플,"정말 너무 감사한 어플이예요.
유투브에서 지나가다 한번 보고 새벽에 부랴부랴 찾아서 설치했는데 이렇게 좋을수가! 감사해요^^"
1346497341,2017-02-02 17:40:41-07:00,3,0,답변 바로 달리고 너무 좋은데,답변을 볼 수가 없네요ㅜㅜ 내용이 안떠요 ..답변이 달린게 뜨는데 보이질 않는데 보는방법이 따로있는건가요? ..
와우대단해요오,2017-02-01 03:07:21-07:00,5,0,앱개발자님과 펫닥 수의사님들에게 무한히 감사드립니다!,"덕분에 정말 많은 사람들이 도움을 받을 수 있게 되었어요... 정말 좋은 어플플이라 자부합니다.. 좋은 선생님들, 개발자님 감사합니다"
콩가스키,2017-01-29 19:20:58-07:00,5,0,너무좋은어플,리뷰 잘안쓰는데 24시간 전문의선생님들이 친절하게 리플달아주시고 주변에 좋은 병원도 추천받을수있고 너무 좋습니다 감사해요
Rlawldus,2017-01-25 22:42:22-07:00,5,0,짱,솔직히 반려견 키우시는 분들은 적극 추천이에여 진짜 바로바로 수의사선생님들이 말씀해주시고 필수앱인거같아여
게임유저임니다아,2017-01-23 20:16:01-07:00,5,0,답변이 바로 달려지진 않지만 정말 좋은어플,이런어플리 계속 나왔으면 좋겠어요
세누눶엍,2017-01-23 03:03:08-07:00,4,0,ㅇ,좋네요
기매앵애애,2017-01-22 06:17:47-07:00,4,0,좋은데,다른질문들에 대한 일반댓글말고 답변은 볼 수 없나요?제 질문에 대한 답변만 제가 볼 수 있는건가요?
Dbswjd486,2017-01-20 20:52:50-07:00,4,0,너무 좋아요,고양이 초보집사인데 너무 편한거 겉아요 ㅠㅠ 제가 겁도 많고 걱정도 많은 편이여서요 ㅠㅠ 그래도 너무 편하고 좋아용
루키잼잼,2017-01-20 01:04:18-07:00,1,0,별로..,저도할수있는 대답들을 해주시더라구요 수의사인지도모르겠고..
꽁짜가아니네요ㅠㅠ,2017-01-19 04:32:29-07:00,5,0,완전 좋아요,답변두 빠르시고 이런어플 적극추천합니다
어냐ㅐ바븜,2017-01-18 00:03:52-07:00,5,0,빠르고좋네요ㅠㅠ,답변이빨라안심도되고친절해서좋아요
뚜징이,2017-01-17 17:49:52-07:00,5,0,필수앱!!,반려동물과함께하는 모든분들의 필수앱입니다!! 우리강아지에게도 정말 도움이 되었습니다 감사합니다!  모두들 꼭 다운받아두셔서 반려동물의 위기상황을 빠르게 대처할수 있었으면 좋겟습니다
김리뷰리뷰,2017-01-15 22:15:41-07:00,5,0,강아지 맘들 꼭 다운 받으세요!!,애견인 필수 앱인듯 합니다 ㅜㅜ 답변도 빠르고 친절하셔요 ㅜㅜ 꼭 다운 받으세용~
인삼맘,2017-01-08 21:27:52-07:00,5,0,강추!!!,집사들한테는 필수어플이네요
ㅎ후춰ㅓㅏ,2017-01-04 10:00:20-07:00,5,0,젛아요,좋은거갗아룔
뀨르르르그구룰ㄹ,2016-12-31 15:35:27-07:00,5,0,빠른 답변 너무 좋아요ㅠㅠ,강아지에 대해 걱정하고있었는데 빠른 답변으로 고민 해결됬습니다!!
한입베어문사과,2016-12-30 03:04:45-07:00,5,0,정말 좋아요,답변도 빠르고 정말 초보인 저한텐 많은 의지가 됩니다 ㅠㅠ
완전좋으요,2016-12-27 23:27:17-07:00,5,0,좋아요!!!,진짜좋아요ㅠㅠ! 답변도 빠르고 이런앱리 무료라니.. 감사합니다ㅠㅠㅠㅠㅠㅠ
나으으응,2016-12-14 10:15:59-07:00,3,0,좋아여,친절하게 알려주샤서 젛아여
뿌꾸j,2016-12-11 07:11:18-07:00,5,0,너무너무 좋아요!!!,최고에요^^
꿀벌이이이이잉,2016-12-06 02:17:49-07:00,5,0,좋아용^^,선생님께서 친절하게 설명해주셨어요
몽이몽이몽이누나,2016-12-03 22:51:53-07:00,5,0,너무좋아여,수의사분들이 바로 피드백 주셔서 너무 좋은것 ㅠㅠ
별명없다전해라,2016-11-27 08:22:57-07:00,5,0,제발도와주세려,질문올리고싶응데 질문하기누르면 영어가 계속떠요 해결방법돔 제발
mijjue,2016-11-06 11:02:14-07:00,5,0,견종,견종에 베들링턴 테리어 추가해주세요
풀망,2016-11-03 01:25:06-07:00,5,0,조아요 ㅎㅎ,조아용 ㅎㅎ
보기드문년,2016-10-17 21:47:06-07:00,5,0,좋아요!,"답변이 조금 늦게 왔지만,
시간을 잘 맞추면 실시간으로 수의사님과 이야기 할 수 있어서 도움이 많이 됩니다^^"
ㄴ나ㅜ,2016-10-17 05:29:34-07:00,5,0,완전!,답변도 금방해주시고 완전좋아요!
별이 백개!,2016-10-14 18:48:52-07:00,4,0,너무좋은데 수의사님한테 답장올때랑 제가 답장할때 글이 잘립니다.,"수의사님한테 답장이왔는데 답장이 길어지면 계속 뒤에가 잘리더라구요 ㅠ 답장칸이 약 일곱글자정도를 수용한다면 그이상쓰게되면 짤려서 보내집니다 복사해서 대화창에 복붙해야 볼수 가 있어요ㅠ 개선되면 정말좋을거같습니다

그리고 사진이 두개정도 올릴수있으면 더좋을거같습니다"
ㅇㅂ ㅇ?,2016-10-12 19:40:38-07:00,4,0,좋아요,"답변도 빠르고, 다른 사람들 사진 구경하는 것도 즐겁고요.
그런데, 질문에 달린 답변을 보기가 조금 불편해요. 긴 문장은 줄바꾸기가 되어 보이는 게 아니라, 말풍선만 아래로 길어지고;; 글자는 어디론가 사라져서 문장 일부가 잘리네요. 푸쉬 알람으로 답변이 오긴 했지만 그래도 앱 내부에서도 잘 읽어지면 좋겠어요."
솔로2년차,2016-10-09 01:01:11-07:00,5,0,너므좋아요,"정말 괜찮은거같습니다^^
어플들중에 가장좋은거같아요"
윰비ㅣ,2016-10-05 22:14:22-07:00,5,0,아주 좋은 어플이에요!,저희강아지 증상이 눈에보이지않는 증상이지만 여러가지 염두를 두고 답변을 해주셔서 많이도움되고있습니다!
오만을,2016-09-24 07:07:01-07:00,5,0,좋네요,성의껏 답변해주시고 친절하셔서 굿입니다
Tnaldhsk,2016-09-24 02:54:13-07:00,5,0,짱,짱임.
눈누누누누눙,2016-09-23 03:49:01-07:00,5,0,답변 빠르고 전문가 답변이라 좋아요,질문 올린지 몇 시간 안 되서 답변 올라왔고 전문가분들이 답변해주시는 거라 신뢰도 있어서 좋아요
내사랑도담군,2016-09-10 02:29:39-07:00,5,0,완전추천이요,질문올리면 빠른 답변으로 걱정을 해결해주시고! 또 언제는 제가 꽤 늦은시간에 질문했었는데 그래도 빠른답변과 늦은시간까지 열심히 고민해결해주셨어요!!! 안드로이드에만 있어서 아이폰에도 나오길 엄~~~청기다리던 한사람으로써 너무좋습니다!!!👍
캬아아아아악!,2016-09-02 06:39:57-07:00,5,0,굿!!,감사합니다..ㅜ
minyou19,2016-09-01 20:02:46-07:00,4,0,감사~,급할때 당장 병원에 가기힘들때 조언을 주는...감사합니다.
가을남매,2016-08-20 08:00:03-07:00,5,0,좋아요!!,반려동물을 키우면서 일반지식으로 알수없는 것이 많아서 걱정이 많은데 전문 수의사 분들께서 답변을 달아주시니 좋은거 같습니다 !!
jake008,2016-07-28 23:05:56-07:00,5,0,펫닥,감사합니다 ^^
레레렛쉬,2016-04-02 21:18:38-07:00,5,0,좋아요,펫닥 너무 좋네용
굿3479,2016-04-02 21:17:19-07:00,4,0,많이 파세요,화이팅
체리솔맘,2016-04-02 00:02:27-07:00,5,0,^^,유용한앱이에여 ㅎ
웡님,2016-04-01 23:50:09-07:00,5,0,좋아요,넘나 좋은것
대박이맘83,2016-04-01 23:47:08-07:00,4,0,좋아요,유용한 앱이네요
하ㄸㄹ소,2016-04-01 23:44:54-07:00,5,0,조아용,조아용
시바조이,2016-04-01 23:40:59-07:00,5,0,최고예요,짱 좋습니당
발레니야,2016-04-01 23:40:59-07:00,5,0,최고,짱이에요 짱짱
아짜즈으ㅡ,2016-04-01 23:39:53-07:00,5,0,짱짱,짱짱이요👍🏻👍🏻
곤드레죽을래,2016-04-01 23:34:48-07:00,5,0,아주좋아요,팻닥 너무너무 좋아요
dasel2,2016-04-01 23:33:39-07:00,5,0,펫닥좋아요!!!,박람회에 들렸다가 알게된 좋은 어플이에요!!!! 급한일 생겼을시 정말 유용한 어플인거 같아요!!!!
Jungeun216,2016-04-01 23:30:56-07:00,5,0,좋아요~~,좋아요^^^
맥주공장사장,2016-04-01 23:14:19-07:00,5,0,친절하시고 좋은정보네요,^^
인생여정,2016-04-01 22:10:23-07:00,5,0,바이엘(Bayer)-세레스토(Seresto)구입하려고 펫닥 다운받았어요~^^ 반려견주에겐 꼭 필요한 어플이에요~^^,"반려동물을 함께하는 이들에겐 더 없이 좋은 , 꼭 필요한 어플이네요~^^"
토끼멍층이,2016-04-01 22:08:59-07:00,5,0,너무좋은거같아서남겨요~~,살인진드기 없애준데용
Sndkkdksjjxjdfjs,2016-04-01 22:05:08-07:00,5,0,👍,👍👍👍👍
효더잉,2016-04-01 22:03:33-07:00,5,0,Z펫닥,굿
얼라리어요,2016-04-01 22:02:25-07:00,5,0,좋아요,좋아요
오이이닝,2016-04-01 22:02:19-07:00,5,0,굿굿,굿굿
Perodayoung,2016-04-01 22:02:12-07:00,5,0,좋아요,Good
나여님,2016-04-01 22:01:31-07:00,5,0,좋아요,짜잉 좋아요
담비랑산지,2016-04-01 22:00:00-07:00,5,0,좋아요,좋아요
닉닉네임,2016-04-01 21:58:51-07:00,4,0,좋아요,좋아요
tjdndiggsvt,2016-04-01 21:58:15-07:00,5,0,좋아요,좋아요 ~~
때지1,2016-04-01 21:50:30-07:00,5,0,페닥,사용해보고 후기 남길게요 감사해요~
마카롱초끼,2016-04-01 21:46:19-07:00,5,0,좋아요,좋아요
배가고픔 추움다,2016-04-01 21:43:20-07:00,5,0,좋아요,굿굿
지지지수,2016-04-01 21:42:47-07:00,5,0,정말,정말좋아요
타코맘,2016-04-01 21:41:51-07:00,5,0,좋아요,"여기는 케이펫페어 ㅎㅎ
정말 좋아요 사은품 받고 싶어요!!!"
ohpearls,2016-04-01 21:39:31-07:00,5,0,좋아요,무료상담 가능하니 좋아요
띠로리리이리,2016-04-01 21:39:14-07:00,5,0,굿,좋네요 ㅋㅋㅋㅋ
짝퉁이횰,2016-04-01 21:34:05-07:00,5,0,좋아요,너무 좋아요
꽇송이,2016-04-01 21:33:36-07:00,5,0,좋아요,좋아용
외계인 626호,2016-04-01 21:33:32-07:00,4,0,신기한 앱이 나왔네요,종종 병원가기도 힘들때 좋을거같아요!
박성공이,2016-04-01 21:04:52-07:00,5,0,정말 좋아요,애견을 키우는 사람으로 써 동물의언어를 못하기에 정말 필요한 어플이라고 생각합니다 최고입니다
소금엄마,2016-04-01 20:47:11-07:00,5,0,좋아요,굿굿 좋아요^^
yy_SEO,2016-04-01 20:22:25-07:00,5,0,펫박람회에서 알게되었어요,굿굿
착한땡구,2016-04-01 20:18:46-07:00,5,0,땡구,좋아요
진진츄,2016-04-01 20:15:29-07:00,5,0,좋아욯,"ㅎ
ㅎ"
sagunza86,2016-04-01 20:10:14-07:00,5,0,유용하네요 ㅎㅎ,박람회 와서 많은 정보 얻어가네요 ㅋ
jjin542,2016-04-01 20:10:11-07:00,5,0,굿,굿
sdy1756,2016-04-01 20:09:42-07:00,5,0,좋아요,좋아여^^
이채민aaaa,2016-04-01 20:08:49-07:00,5,0,좋아요,완전좋아요
아라47500925,2016-04-01 20:06:55-07:00,5,0,조아여,자주이용할게여 ㅎㅎ
lhggus7,2016-04-01 20:04:13-07:00,5,0,강아지 급하게 아플때 너무 편해요!,강아지 아플때 급했는데펫닥이 있어서 다행이에요!
ㅅㅇㅅ,2016-04-01 20:02:36-07:00,5,0,좋아요~~,펫닥 앱 너무좋아요👍👍
ㅎㅎㅎㅎㅎㅎㅇㅇㅇ,2016-04-01 20:02:27-07:00,5,0,좋아요,앱 짱이네요!! 만족함니다
안소름,2016-04-01 20:00:28-07:00,5,0,펫닥 최고!,유용한 어플같아요!!
MoGun,2016-04-01 19:59:59-07:00,5,0,좋아요,재미지네~
브루마블최고애요,2016-04-01 02:06:47-07:00,5,0,최고중에 최고,"안드로이드에서만 되서 갤럭시로 넘어가야하나했는데 기다리니 드디어 앱스토어에서 볼 수 있네요. 가히 최고중에 최고의 반려동물 어플이라 생각됩니다.
초심을 잃지마시고 언제나 화이팅!"
만두0219,2016-04-01 00:41:12-07:00,5,0,좋아요,병원갈때 좋아요 :)
다니22,2016-04-01 00:41:08-07:00,5,0,좋아요,매번 병원가고 전화하기 민망했는데 어플로 물어볼수 있으니 편하고 좋아요
원선영,2016-04-01 00:39:00-07:00,5,0,유용한정보감사합니다,❤️❤️❤️
지헤뿌루르르루룩,2016-04-01 00:34:02-07:00,5,0,좋아요,강아지키우시는분 필수어플
아롱다롱그롱,2016-04-01 00:33:28-07:00,5,0,좋아요!!,좋습니당
배가루미,2016-04-01 00:32:52-07:00,5,0,좋아요!,너무 유용하고 좋네요~
희군,2016-03-18 03:48:25-07:00,5,0,반려동물 키우시는분들은 필수어플!!,"동물병원 수의사의 무료 상담이 가능합니다. 도움 많이 받았어요.

커뮤니티 기능도 쓸만하고 재미있네요 ㅎㅎ"
